z,n,name,quadrupoleDeformation,quadrupoleDeformationUncertainty
0,1,Neutron,,
1,0,1H,,
1,1,2H,,
1,2,3H,,
1,3,4H,,
1,4,5H,,
1,5,6H,,
1,6,7H,,
2,1,3He,,
2,2,4He,,
2,3,5He,,
2,4,6He,,
2,5,7He,,
2,6,8He,,
2,7,9He,,
2,8,10He,,
3,1,4Li,,
3,2,5Li,,
3,3,6Li,,
3,4,7Li,,
3,5,8Li,,
3,6,9Li,,
3,7,10Li,,
3,8,11Li,,
3,9,12Li,,
3,10,13Li,,
4,2,6Be,,
4,3,7Be,,
4,4,8Be,,
4,5,9Be,,
4,6,10Be,,
4,7,11Be,,
4,8,12Be,,
4,9,13Be,,
4,11,15Be,,
4,12,16Be,,
4,10,14Be,,
5,12,17B,,
5,13,18B,,
5,14,19B,,
5,15,20B,,
5,16,21B,,
5,10,15B,,
5,11,16B,,
5,2,7B,,
5,3,8B,,
5,4,9B,,
5,5,10B,,
5,6,11B,,
5,7,12B,,
5,8,13B,,
5,9,14B,,
6,2,8C,,
6,3,9C,,
6,4,10C,8.24E-1,6.55E-2
6,5,11C,,
6,6,12C,5.76E-1,1.60E-2
6,7,13C,,
6,8,14C,3.59E-1,2.79E-2
6,9,15C,,
6,14,20C,4.03E-1,5.96E-2
6,13,19C,,
6,16,22C,,
6,10,16C,,
6,12,18C,3.00E-1,2.44E-2
6,11,17C,,
7,15,22N,,
7,14,21N,,
7,17,24N,,
7,16,23N,,
7,11,18N,,
7,10,17N,,
7,13,20N,,
7,12,19N,,
7,3,10N,,
7,4,11N,,
7,5,12N,,
7,6,13N,,
7,7,14N,,
7,8,15N,,
7,9,16N,,
8,17,25O,,
8,18,26O,,
8,15,23O,,
8,16,24O,,
8,10,18O,3.65E-1,4.71E-3
8,13,21O,,
8,14,22O,2.12E-1,3.99E-2
8,11,19O,,
8,12,20O,2.68E-1,5.50E-3
8,20,28O,,
8,3,11O,,
8,4,12O,,
8,5,13O,,
8,6,14O,,
8,7,15O,,
8,8,16O,3.53E-1,4.88E-3
8,9,17O,,
9,18,27F,,
9,19,28F,,
9,16,25F,,
9,17,26F,,
9,17,26F,,
9,10,19F,,
9,11,20F,,
9,14,23F,,
9,15,24F,,
9,12,21F,,
9,13,22F,,
9,21,30F,,
9,22,31F,,
9,20,29F,,
9,5,14F,,
9,6,15F,,
9,7,16F,,
9,8,17F,,
9,9,18F,,
10,10,20Ne,7.20E-1,1.97E-2
10,11,21Ne,,
10,12,22Ne,5.66E-1,3.93E-3
10,13,23Ne,,
10,14,24Ne,4.17E-1,6.41E-2
10,15,25Ne,,
10,16,26Ne,3.93E-1,2.62E-2
10,17,27Ne,,
10,18,28Ne,3.61E-1,3.18E-2
10,19,29Ne,,
10,20,30Ne,4.92E-1,1.66E-1
10,21,31Ne,,
10,22,32Ne,,
10,23,33Ne,,
10,24,34Ne,,
10,9,19Ne,,
10,7,17Ne,,
10,8,18Ne,6.78E-1,2.95E-2
10,5,15Ne,,
10,6,16Ne,,
11,9,20Na,,
11,8,19Na,,
11,7,18Na,,
11,6,17Na,,
11,21,32Na,,
11,20,31Na,,
11,23,34Na,,
11,22,33Na,,
11,24,35Na,,
11,26,37Na,,
11,10,21Na,,
11,12,23Na,,
11,11,22Na,,
11,14,25Na,,
11,13,24Na,,
11,16,27Na,,
11,15,26Na,,
11,18,29Na,,
11,17,28Na,,
11,19,30Na,,
12,11,23Mg,,
12,10,22Mg,6.68E-1,1.33E-1
12,13,25Mg,,
12,12,24Mg,6.06E-1,6.68E-3
12,15,27Mg,,
12,14,26Mg,4.83E-1,1.06E-2
12,17,29Mg,,
12,16,28Mg,4.84E-1,2.01E-2
12,19,31Mg,,
12,18,30Mg,4.07E-1,2.71E-2
12,20,32Mg,5.13E-1,4.50E-2
12,22,34Mg,5.48E-1,5.67E-2
12,21,33Mg,,
12,24,36Mg,5.05E-1,5.95E-2
12,23,35Mg,,
12,26,38Mg,,
12,25,37Mg,,
12,28,40Mg,,
12,9,21Mg,,
12,8,20Mg,,
12,7,19Mg,,
12,6,18Mg,,
13,9,22Al,,
13,8,21Al,,
13,22,35Al,,
13,23,36Al,,
13,20,33Al,,
13,21,34Al,,
13,21,34Al,,
13,26,39Al,,
13,27,40Al,,
13,24,37Al,,
13,25,38Al,,
13,28,41Al,,
13,29,42Al,,
13,30,43Al,,
13,11,24Al,,
13,11,24Al,,
13,12,25Al,,
13,10,23Al,,
13,15,28Al,,
13,16,29Al,,
13,13,26Al,,
13,13,26Al,,
13,14,27Al,,
13,19,32Al,,
13,17,30Al,,
13,18,31Al,,
14,30,44Si,,
14,12,26Si,4.38E-1,1.99E-2
14,13,27Si,,
14,10,24Si,2.42E-1,3.73E-2
14,11,25Si,,
14,16,30Si,3.30E-1,2.15E-2
14,17,31Si,,
14,14,28Si,4.11E-1,7.37E-3
14,15,29Si,,
14,18,32Si,2.36E-1,3.33E-2
14,19,33Si,,
14,23,37Si,,
14,24,38Si,2.41E-1,4.72E-2
14,21,35Si,,
14,22,36Si,2.53E-1,3.92E-2
14,27,41Si,,
14,28,42Si,,
14,25,39Si,,
14,26,40Si,,
14,20,34Si,1.82E-1,3.55E-2
14,29,43Si,,
14,9,23Si,,
14,8,22Si,,
15,25,40P,,
15,24,39P,,
15,23,38P,,
15,22,37P,,
15,29,44P,,
15,28,43P,,
15,27,42P,,
15,26,41P,,
15,21,36P,,
15,20,35P,,
15,32,47P,,
15,31,46P,,
15,30,45P,,
15,14,29P,,
15,13,28P,,
15,12,27P,,
15,11,26P,,
15,18,33P,,
15,17,32P,,
15,16,31P,,
15,15,30P,,
15,10,25P,,
15,19,34P,,
16,33,49S,,
16,32,48S,,
16,31,47S,,
16,30,46S,,
16,15,31S,,
16,14,30S,3.48E-1,1.00E-2
16,13,29S,,
16,12,28S,2.65E-1,2.01E-2
16,19,35S,,
16,18,34S,2.47E-1,3.11E-3
16,17,33S,,
16,16,32S,3.14E-1,1.02E-2
16,11,27S,,
16,10,26S,,
16,26,42S,2.99E-1,2.54E-2
16,25,41S,,
16,24,40S,2.82E-1,1.53E-2
16,23,39S,,
16,29,45S,,
16,28,44S,2.19E-1,1.46E-2
16,27,43S,,
16,22,38S,2.46E-1,1.65E-2
16,21,37S,,
16,20,36S,1.56E-1,6.60E-3
17,28,45Cl,,
17,29,46Cl,,
17,24,41Cl,,
17,25,42Cl,,
17,26,43Cl,,
17,27,44Cl,,
17,20,37Cl,,
17,21,38Cl,,
17,21,38Cl,,
17,22,39Cl,,
17,23,40Cl,,
17,35,52Cl,,
17,31,48Cl,,
17,32,49Cl,,
17,33,50Cl,,
17,34,51Cl,,
17,30,47Cl,,
17,17,34Cl,,
17,17,34Cl,,
17,18,35Cl,,
17,19,36Cl,,
17,13,30Cl,,
17,14,31Cl,,
17,15,32Cl,,
17,16,33Cl,,
17,11,28Cl,,
17,12,29Cl,,
18,36,54Ar,,
18,32,50Ar,,
18,33,51Ar,,
18,34,52Ar,,
18,35,53Ar,,
18,30,48Ar,2.24E-1,2.20E-2
18,31,49Ar,,
18,18,36Ar,2.52E-1,7.70E-3
18,19,37Ar,,
18,14,32Ar,2.63E-1,3.45E-2
18,15,33Ar,,
18,16,34Ar,2.29E-1,1.50E-2
18,17,35Ar,,
18,11,29Ar,,
18,12,30Ar,,
18,13,31Ar,,
18,29,47Ar,,
18,25,43Ar,,
18,26,44Ar,2.42E-1,1.28E-2
18,27,45Ar,,
18,28,46Ar,1.70E-1,1.71E-2
18,21,39Ar,,
18,22,40Ar,2.65E-1,5.77E-3
18,23,41Ar,,
18,24,42Ar,2.72E-1,3.33E-2
18,20,38Ar,1.62E-1,3.72E-3
19,40,59K,,
19,27,46K,,
19,26,45K,,
19,29,48K,,
19,28,47K,,
19,23,42K,,
19,22,41K,,
19,25,44K,,
19,24,43K,,
19,21,40K,,
19,20,39K,,
19,38,57K,,
19,37,56K,,
19,34,53K,,
19,33,52K,,
19,36,55K,,
19,35,54K,,
19,30,49K,,
19,32,51K,,
19,31,50K,,
19,19,38K,,
19,19,38K,,
19,16,35K,,
19,18,37K,,
19,17,36K,,
19,12,31K,,
20,39,59Ca,,
20,38,58Ca,,
20,37,57Ca,,
20,36,56Ca,,
20,35,55Ca,,
20,34,54Ca,,
20,33,53Ca,,
20,32,52Ca,,
20,31,51Ca,,
20,30,50Ca,6.54E-2,1.03E-3
20,40,60Ca,,
20,19,39Ca,,
20,18,38Ca,1.22E-1,1.34E-2
20,17,37Ca,,
20,16,36Ca,,
20,15,35Ca,,
20,29,49Ca,,
20,28,48Ca,1.07E-1,4.47E-3
20,27,47Ca,,
20,26,46Ca,1.51E-1,6.29E-3
20,25,45Ca,,
20,24,44Ca,2.51E-1,5.13E-3
20,23,43Ca,,
20,22,42Ca,2.44E-1,4.42E-3
20,21,41Ca,,
20,20,40Ca,1.17E-1,1.17E-2
21,29,50Sc,,
21,29,50Sc,,
21,28,49Sc,,
21,27,48Sc,,
21,26,47Sc,,
21,25,46Sc,,
21,25,46Sc,,
21,24,45Sc,,
21,24,45Sc,,
21,23,44Sc,,
21,23,44Sc,,
21,22,43Sc,,
21,21,42Sc,,
21,21,42Sc,,
21,20,41Sc,,
21,39,60Sc,,
21,38,59Sc,,
21,37,58Sc,,
21,36,57Sc,,
21,35,56Sc,,
21,34,55Sc,,
21,33,54Sc,,
21,32,53Sc,,
21,31,52Sc,,
21,30,51Sc,,
21,19,40Sc,,
21,18,39Sc,,
21,41,62Sc,,
21,40,61Sc,,
22,39,61Ti,,
22,38,60Ti,,
22,37,59Ti,,
22,36,58Ti,,
22,35,57Ti,,
22,34,56Ti,2.08E-1,3.59E-2
22,33,55Ti,,
22,32,54Ti,1.75E-1,1.56E-2
22,31,53Ti,,
22,30,52Ti,2.35E-1,4.57E-3
22,42,64Ti,,
22,41,63Ti,,
22,40,62Ti,,
22,19,41Ti,,
22,18,40Ti,,
22,17,39Ti,,
22,29,51Ti,,
22,28,50Ti,1.68E-1,2.81E-3
22,27,49Ti,,
22,26,48Ti,2.61E-1,1.16E-2
22,25,47Ti,,
22,24,46Ti,3.18E-1,4.48E-3
22,23,45Ti,,
22,22,44Ti,2.88E-1,2.07E-2
22,21,43Ti,,
22,20,42Ti,2.91E-1,3.63E-2
23,41,64V,,
23,42,65V,,
23,43,66V,,
23,44,67V,,
23,40,63V,,
23,27,50V,,
23,28,51V,,
23,29,52V,,
23,20,43V,,
23,21,44V,,
23,21,44V,,
23,22,45V,,
23,23,46V,,
23,24,47V,,
23,25,48V,,
23,26,49V,,
23,38,61V,,
23,39,62V,,
23,30,53V,,
23,31,54V,,
23,32,55V,,
23,33,56V,,
23,34,57V,,
23,35,58V,,
23,36,59V,,
23,37,60V,,
23,37,60V,,
23,19,42V,,
24,39,63Cr,,
24,31,55Cr,,
24,32,56Cr,2.21E-1,2.90E-3
24,33,57Cr,,
24,34,58Cr,2.44E-1,3.44E-2
24,35,59Cr,,
24,36,60Cr,2.63E-1,1.71E-2
24,37,61Cr,,
24,38,62Cr,,
24,30,54Cr,2.50E-1,4.69E-3
24,42,66Cr,,
24,43,67Cr,,
24,44,68Cr,,
24,45,69Cr,,
24,46,70Cr,,
24,40,64Cr,2.87E-1,4.16E-2
24,41,65Cr,,
24,18,42Cr,,
24,19,43Cr,,
24,28,52Cr,2.12E-1,2.84E-3
24,29,53Cr,,
24,20,44Cr,,
24,21,45Cr,,
24,22,46Cr,2.87E-1,3.19E-2
24,23,47Cr,,
24,24,48Cr,3.51E-1,1.09E-2
24,25,49Cr,,
24,26,50Cr,2.90E-1,4.47E-3
24,27,51Cr,,
25,44,69Mn,,
25,43,68Mn,,
25,46,71Mn,,
25,45,70Mn,,
25,48,73Mn,,
25,47,72Mn,,
25,40,65Mn,,
25,42,67Mn,,
25,41,66Mn,,
25,29,54Mn,,
25,22,47Mn,,
25,21,46Mn,,
25,24,49Mn,,
25,23,48Mn,,
25,26,51Mn,,
25,25,50Mn,,
25,25,50Mn,,
25,28,53Mn,,
25,27,52Mn,,
25,27,52Mn,,
25,33,58Mn,,
25,33,58Mn,,
25,32,57Mn,,
25,35,60Mn,,
25,35,60Mn,,
25,34,59Mn,,
25,37,62Mn,,
25,37,62Mn,,
25,36,61Mn,,
25,39,64Mn,,
25,38,63Mn,,
25,31,56Mn,,
25,30,55Mn,,
25,19,44Mn,,
26,34,60Fe,2.24E-1,1.13E-2
26,33,59Fe,,
26,36,62Fe,2.28E-1,1.29E-2
26,35,61Fe,,
26,38,64Fe,2.96E-1,1.52E-2
26,37,63Fe,,
26,39,65Fe,,
26,39,65Fe,,
26,30,56Fe,2.50E-1,4.73E-3
26,32,58Fe,2.62E-1,3.81E-3
26,31,57Fe,,
26,45,71Fe,,
26,44,70Fe,,
26,47,73Fe,,
26,46,72Fe,,
26,49,75Fe,,
26,48,74Fe,,
26,41,67Fe,,
26,40,66Fe,,
26,43,69Fe,,
26,42,68Fe,,
26,19,45Fe,,
26,23,49Fe,,
26,22,48Fe,,
26,25,51Fe,,
26,24,50Fe,3.08E-1,3.40E-2
26,27,53Fe,,
26,27,53Fe,,
26,26,52Fe,2.29E-1,1.47E-2
26,26,52Fe,2.29E-1,1.47E-2
26,29,55Fe,,
26,28,54Fe,2.03E-1,2.67E-3
26,21,47Fe,,
26,20,46Fe,,
26,50,76Fe,,
27,47,74Co,,
27,48,75Co,,
27,45,72Co,,
27,45,72Co,,
27,45,72Co,,
27,46,73Co,,
27,49,76Co,,
27,49,76Co,,
27,40,67Co,,
27,40,67Co,,
27,43,70Co,,
27,43,70Co,,
27,44,71Co,,
27,41,68Co,,
27,41,68Co,,
27,42,69Co,,
27,42,69Co,,
27,50,77Co,,
27,51,78Co,,
27,25,52Co,,
27,25,52Co,,
27,26,53Co,,
27,26,53Co,,
27,23,50Co,,
27,24,51Co,,
27,29,56Co,,
27,27,54Co,,
27,27,54Co,,
27,28,55Co,,
27,36,63Co,,
27,37,64Co,,
27,37,64Co,,
27,34,61Co,,
27,35,62Co,,
27,35,62Co,,
27,38,65Co,,
27,39,66Co,,
27,32,59Co,,
27,33,60Co,,
27,33,60Co,,
27,30,57Co,,
27,31,58Co,,
27,31,58Co,,
28,51,79Ni,,
28,52,80Ni,,
28,50,78Ni,,
28,53,81Ni,,
28,54,82Ni,,
28,37,65Ni,,
28,38,66Ni,1.56E-1,1.95E-2
28,35,63Ni,,
28,36,64Ni,1.57E-1,2.54E-3
28,39,67Ni,,
28,30,58Ni,1.79E-1,2.88E-3
28,33,61Ni,,
28,34,62Ni,1.96E-1,2.71E-3
28,31,59Ni,,
28,32,60Ni,2.05E-1,2.93E-3
28,48,76Ni,,
28,49,77Ni,,
28,46,74Ni,1.40E-1,2.43E-2
28,47,75Ni,,
28,40,68Ni,1.00E-1,8.13E-3
28,41,69Ni,,
28,41,69Ni,,
28,44,72Ni,,
28,45,73Ni,,
28,42,70Ni,1.79E-1,1.46E-2
28,43,71Ni,,
28,43,71Ni,,
28,26,54Ni,1.79E-1,1.71E-2
28,27,55Ni,,
28,24,52Ni,,
28,25,53Ni,,
28,28,56Ni,1.27E-1,2.63E-2
28,29,57Ni,,
28,22,50Ni,,
28,23,51Ni,,
28,20,48Ni,,
28,21,49Ni,,
29,28,57Cu,,
29,27,56Cu,,
29,26,55Cu,,
29,25,54Cu,,
29,29,58Cu,,
29,24,53Cu,,
29,39,68Cu,,
29,39,68Cu,,
29,38,67Cu,,
29,37,66Cu,,
29,36,65Cu,,
29,31,60Cu,,
29,30,59Cu,,
29,35,64Cu,,
29,34,63Cu,,
29,33,62Cu,,
29,32,61Cu,,
29,49,78Cu,,
29,48,77Cu,,
29,47,76Cu,,
29,42,71Cu,,
29,41,70Cu,,
29,41,70Cu,,
29,41,70Cu,,
29,40,69Cu,,
29,46,75Cu,,
29,45,74Cu,,
29,44,73Cu,,
29,43,72Cu,,
29,53,82Cu,,
29,52,81Cu,,
29,51,80Cu,,
29,50,79Cu,,
29,54,83Cu,,
30,28,58Zn,,
30,27,57Zn,,
30,29,59Zn,,
30,24,54Zn,,
30,26,56Zn,,
30,25,55Zn,,
30,53,83Zn,,
30,52,82Zn,,
30,55,85Zn,,
30,54,84Zn,,
30,51,81Zn,,
30,50,80Zn,1.41E-1,1.49E-2
30,42,72Zn,2.31E-1,2.47E-2
30,41,71Zn,,
30,41,71Zn,,
30,44,74Zn,2.43E-1,8.93E-3
30,43,73Zn,,
30,40,70Zn,2.15E-1,6.20E-3
30,49,79Zn,,
30,49,79Zn,,
30,46,76Zn,2.03E-1,1.30E-2
30,45,75Zn,,
30,48,78Zn,1.46E-1,1.62E-2
30,47,77Zn,,
30,47,77Zn,,
30,31,61Zn,,
30,30,60Zn,,
30,33,63Zn,,
30,32,62Zn,2.16E-1,5.17E-3
30,39,69Zn,,
30,39,69Zn,,
30,38,68Zn,2.02E-1,1.25E-3
30,35,65Zn,,
30,34,64Zn,2.36E-1,3.04E-3
30,37,67Zn,,
30,36,66Zn,2.21E-1,1.97E-3
31,54,85Ga,,
31,53,84Ga,,
31,56,87Ga,,
31,55,86Ga,,
31,50,81Ga,,
31,52,83Ga,,
31,51,82Ga,,
31,43,74Ga,,
31,43,74Ga,,
31,42,73Ga,,
31,45,76Ga,,
31,44,75Ga,,
31,41,72Ga,,
31,40,71Ga,,
31,47,78Ga,,
31,46,77Ga,,
31,49,80Ga,,
31,49,80Ga,,
31,48,79Ga,,
31,32,63Ga,,
31,31,62Ga,,
31,34,65Ga,,
31,33,64Ga,,
31,30,61Ga,,
31,39,70Ga,,
31,36,67Ga,,
31,35,66Ga,,
31,38,69Ga,,
31,37,68Ga,,
31,29,60Ga,,
31,28,59Ga,,
32,45,77Ge,,
32,45,77Ge,,
32,46,78Ge,2.38E-1,2.12E-2
32,43,75Ge,,
32,43,75Ge,,
32,44,76Ge,2.65E-1,9.53E-4
32,41,73Ge,,
32,41,73Ge,,
32,42,74Ge,2.00E-1,1.04E-3
32,40,72Ge,2.40E-1,1.79E-3
32,49,81Ge,,
32,49,81Ge,,
32,47,79Ge,,
32,47,79Ge,,
32,48,80Ge,1.82E-1,1.77E-2
32,34,66Ge,1.71E-1,1.62E-2
32,35,67Ge,,
32,32,64Ge,2.58E-1,1.97E-2
32,33,65Ge,,
32,30,62Ge,,
32,31,63Ge,,
32,38,70Ge,2.25E-1,1.72E-3
32,39,71Ge,,
32,36,68Ge,1.93E-1,5.11E-3
32,37,69Ge,,
32,29,61Ge,,
32,27,59Ge,,
32,28,60Ge,,
32,56,88Ge,,
32,57,89Ge,,
32,54,86Ge,,
32,55,87Ge,,
32,52,84Ge,,
32,53,85Ge,,
32,50,82Ge,1.71E-1,1.37E-2
32,51,83Ge,,
32,58,90Ge,,
33,50,83As,,
33,57,90As,,
33,58,91As,,
33,55,88As,,
33,56,89As,,
33,53,86As,,
33,54,87As,,
33,51,84As,,
33,52,85As,,
33,59,92As,,
33,46,79As,,
33,47,80As,,
33,44,77As,,
33,45,78As,,
33,42,75As,,
33,43,76As,,
33,40,73As,,
33,41,74As,,
33,48,81As,,
33,49,82As,,
33,49,82As,,
33,35,68As,,
33,36,69As,,
33,33,66As,,
33,34,67As,,
33,31,64As,,
33,32,65As,,
33,30,63As,,
33,39,72As,,
33,37,70As,,
33,38,71As,,
34,61,95Se,,
34,60,94Se,,
34,50,84Se,1.43E-1,1.19E-2
34,51,85Se,,
34,58,92Se,,
34,59,93Se,,
34,56,90Se,,
34,57,91Se,,
34,54,88Se,,
34,55,89Se,,
34,52,86Se,1.91E-1,4.11E-2
34,53,87Se,,
34,40,74Se,3.02E-1,1.92E-3
34,47,81Se,,
34,47,81Se,,
34,48,82Se,1.94E-1,5.31E-3
34,45,79Se,,
34,45,79Se,,
34,46,80Se,2.31E-1,2.85E-3
34,43,77Se,,
34,43,77Se,,
34,44,78Se,2.69E-1,2.89E-3
34,41,75Se,,
34,42,76Se,3.14E-1,3.71E-3
34,49,83Se,,
34,49,83Se,,
34,36,70Se,2.06E-1,6.49E-3
34,37,71Se,,
34,34,68Se,2.42E-1,1.73E-2
34,35,69Se,,
34,32,66Se,,
34,33,67Se,,
34,30,64Se,,
34,31,65Se,,
34,38,72Se,2.26E-1,8.04E-3
34,39,73Se,,
34,39,73Se,,
34,29,63Se,,
35,63,98Br,,
35,62,97Br,,
35,61,96Br,,
35,60,95Br,,
35,52,87Br,,
35,51,86Br,,
35,50,85Br,,
35,59,94Br,,
35,58,93Br,,
35,57,92Br,,
35,56,91Br,,
35,55,90Br,,
35,54,89Br,,
35,53,88Br,,
35,41,76Br,,
35,41,76Br,,
35,40,75Br,,
35,49,84Br,,
35,49,84Br,,
35,48,83Br,,
35,47,82Br,,
35,47,82Br,,
35,46,81Br,,
35,45,80Br,,
35,45,80Br,,
35,44,79Br,,
35,44,79Br,,
35,43,78Br,,
35,42,77Br,,
35,42,77Br,,
35,38,73Br,,
35,37,72Br,,
35,37,72Br,,
35,36,71Br,,
35,35,70Br,,
35,35,70Br,,
35,34,69Br,,
35,33,68Br,,
35,39,74Br,,
35,39,74Br,,
36,64,100Kr,,
36,63,99Kr,,
36,62,98Kr,,
36,61,97Kr,,
36,60,96Kr,,
36,65,101Kr,,
36,53,89Kr,,
36,52,88Kr,1.23E-1,6.65E-3
36,51,87Kr,,
36,50,86Kr,1.34E-1,6.05E-3
36,59,95Kr,,
36,58,94Kr,,
36,57,93Kr,,
36,56,92Kr,1.81E-1,9.09E-3
36,55,91Kr,,
36,54,90Kr,1.55E-1,1.16E-2
36,42,78Kr,2.56E-1,4.26E-3
36,41,77Kr,,
36,40,76Kr,3.91E-1,7.23E-3
36,49,85Kr,,
36,49,85Kr,,
36,48,84Kr,1.52E-1,2.44E-3
36,47,83Kr,,
36,47,83Kr,,
36,46,82Kr,2.03E-1,4.10E-3
36,45,81Kr,,
36,45,81Kr,,
36,44,80Kr,2.69E-1,8.10E-3
36,43,79Kr,,
36,43,79Kr,,
36,31,67Kr,,
36,39,75Kr,,
36,38,74Kr,2.54E-1,2.37E-3
36,37,73Kr,,
36,36,72Kr,3.32E-1,2.14E-2
36,35,71Kr,,
36,34,70Kr,,
36,33,69Kr,,
36,32,68Kr,,
37,55,92Rb,,
37,56,93Rb,,
37,57,94Rb,,
37,58,95Rb,,
37,59,96Rb,,
37,50,87Rb,,
37,51,88Rb,,
37,52,89Rb,,
37,53,90Rb,,
37,53,90Rb,,
37,54,91Rb,,
37,44,81Rb,,
37,44,81Rb,,
37,45,82Rb,,
37,45,82Rb,,
37,46,83Rb,,
37,47,84Rb,,
37,47,84Rb,,
37,48,85Rb,,
37,49,86Rb,,
37,49,86Rb,,
37,40,77Rb,,
37,41,78Rb,,
37,41,78Rb,,
37,42,79Rb,,
37,43,80Rb,,
37,35,72Rb,,
37,36,73Rb,,
37,37,74Rb,,
37,38,75Rb,,
37,39,76Rb,,
37,66,103Rb,,
37,67,104Rb,,
37,60,97Rb,,
37,61,98Rb,,
37,61,98Rb,,
37,62,99Rb,,
37,63,100Rb,,
37,64,101Rb,,
37,65,102Rb,,
38,67,105Sr,,
38,68,106Sr,,
38,69,107Sr,,
38,60,98Sr,4.06E-1,5.88E-3
38,61,99Sr,,
38,62,100Sr,4.26E-1,8.80E-3
38,63,101Sr,,
38,64,102Sr,4.27E-1,8.54E-2
38,65,103Sr,,
38,66,104Sr,,
38,56,94Sr,1.16E-1,2.37E-2
38,57,95Sr,,
38,58,96Sr,1.47E-1,4.31E-2
38,59,97Sr,,
38,50,88Sr,1.14E-1,2.98E-3
38,51,89Sr,,
38,52,90Sr,1.21E-1,1.73E-2
38,53,91Sr,,
38,54,92Sr,1.17E-1,2.20E-2
38,55,93Sr,,
38,45,83Sr,,
38,45,83Sr,,
38,46,84Sr,2.10E-1,1.14E-2
38,47,85Sr,,
38,47,85Sr,,
38,48,86Sr,1.43E-1,4.16E-3
38,49,87Sr,,
38,49,87Sr,,
38,40,78Sr,4.35E-1,2.67E-2
38,41,79Sr,,
38,42,80Sr,2.86E-1,5.14E-3
38,43,81Sr,,
38,44,82Sr,2.89E-1,6.51E-3
38,35,73Sr,,
38,36,74Sr,,
38,37,75Sr,,
38,38,76Sr,4.56E-1,2.95E-2
38,39,77Sr,,
39,69,108Y,,
39,68,107Y,,
39,61,100Y,,
39,61,100Y,,
39,60,99Y,,
39,63,102Y,,
39,63,102Y,,
39,62,101Y,,
39,65,104Y,,
39,64,103Y,,
39,67,106Y,,
39,66,105Y,,
39,70,109Y,,
39,58,97Y,,
39,58,97Y,,
39,58,97Y,,
39,57,96Y,,
39,57,96Y,,
39,59,98Y,,
39,59,98Y,,
39,50,89Y,,
39,50,89Y,,
39,52,91Y,,
39,52,91Y,,
39,51,90Y,,
39,51,90Y,,
39,54,93Y,,
39,54,93Y,,
39,53,92Y,,
39,56,95Y,,
39,55,94Y,,
39,47,86Y,,
39,47,86Y,,
39,46,85Y,,
39,46,85Y,,
39,49,88Y,,
39,48,87Y,,
39,48,87Y,,
39,41,80Y,,
39,41,80Y,,
39,40,79Y,,
39,43,82Y,,
39,42,81Y,,
39,45,84Y,,
39,45,84Y,,
39,44,83Y,,
39,44,83Y,,
39,38,77Y,,
39,37,76Y,,
39,39,78Y,,
39,39,78Y,,
40,69,109Zr,,
40,68,108Zr,,
40,67,107Zr,,
40,66,106Zr,,
40,61,101Zr,,
40,60,100Zr,3.47E-1,4.54E-3
40,65,105Zr,,
40,64,104Zr,3.81E-1,2.87E-2
40,63,103Zr,,
40,62,102Zr,4.17E-1,4.63E-2
40,58,98Zr,6.78E-2,7.09E-3
40,57,97Zr,,
40,56,96Zr,6.02E-2,3.70E-3
40,55,95Zr,,
40,59,99Zr,,
40,50,90Zr,9.18E-2,1.09E-3
40,50,90Zr,9.18E-2,1.09E-3
40,54,94Zr,8.79E-2,9.56E-3
40,53,93Zr,,
40,52,92Zr,1.00E-1,4.02E-3
40,51,91Zr,,
40,47,87Zr,,
40,47,87Zr,,
40,46,86Zr,1.47E-1,1.38E-2
40,45,85Zr,,
40,45,85Zr,,
40,44,84Zr,1.77E-1,5.07E-3
40,49,89Zr,,
40,49,89Zr,,
40,48,88Zr,1.07E-1,6.02E-3
40,43,83Zr,,
40,42,82Zr,4.11E-1,8.42E-2
40,41,81Zr,,
40,40,80Zr,,
40,39,79Zr,,
40,38,78Zr,,
40,37,77Zr,,
40,72,112Zr,,
40,71,111Zr,,
40,70,110Zr,,
40,73,113Zr,,
41,73,114Nb,,
41,72,113Nb,,
41,71,112Nb,,
41,70,111Nb,,
41,75,116Nb,,
41,74,115Nb,,
41,69,110Nb,,
41,69,110Nb,,
41,68,109Nb,,
41,67,108Nb,,
41,62,103Nb,,
41,61,102Nb,,
41,61,102Nb,,
41,60,101Nb,,
41,66,107Nb,,
41,65,106Nb,,
41,64,105Nb,,
41,63,104Nb,,
41,63,104Nb,,
41,59,100Nb,,
41,59,100Nb,,
41,58,99Nb,,
41,58,99Nb,,
41,57,98Nb,,
41,57,98Nb,,
41,56,97Nb,,
41,56,97Nb,,
41,51,92Nb,,
41,51,92Nb,,
41,50,91Nb,,
41,50,91Nb,,
41,55,96Nb,,
41,54,95Nb,,
41,54,95Nb,,
41,53,94Nb,,
41,53,94Nb,,
41,52,93Nb,,
41,52,93Nb,,
41,48,89Nb,,
41,48,89Nb,,
41,47,88Nb,,
41,47,88Nb,,
41,46,87Nb,,
41,46,87Nb,,
41,45,86Nb,,
41,49,90Nb,,
41,49,90Nb,,
41,40,81Nb,,
41,44,85Nb,,
41,44,85Nb,,
41,43,84Nb,,
41,42,83Nb,,
41,41,82Nb,,
42,70,112Mo,,
42,75,117Mo,,
42,76,118Mo,,
42,77,119Mo,,
42,71,113Mo,,
42,72,114Mo,,
42,73,115Mo,,
42,74,116Mo,,
42,68,110Mo,,
42,69,111Mo,,
42,69,111Mo,,
42,64,106Mo,2.69E-1,3.39E-3
42,65,107Mo,,
42,66,108Mo,3.14E-1,9.44E-2
42,67,109Mo,,
42,60,102Mo,3.11E-1,4.97E-3
42,61,103Mo,,
42,62,104Mo,3.12E-1,1.28E-2
42,63,105Mo,,
42,57,99Mo,,
42,58,100Mo,2.30E-1,2.79E-3
42,59,101Mo,,
42,53,95Mo,,
42,54,96Mo,1.71E-1,1.40E-3
42,55,97Mo,,
42,56,98Mo,1.69E-1,1.70E-3
42,50,92Mo,1.09E-1,3.11E-3
42,51,93Mo,,
42,51,93Mo,,
42,52,94Mo,1.51E-1,1.63E-3
42,46,88Mo,1.47E-1,2.16E-3
42,47,89Mo,,
42,47,89Mo,,
42,48,90Mo,,
42,49,91Mo,,
42,49,91Mo,,
42,42,84Mo,,
42,43,85Mo,,
42,44,86Mo,,
42,45,87Mo,,
42,45,87Mo,,
42,40,82Mo,,
42,41,83Mo,,
42,39,81Mo,,
43,58,101Tc,,
43,59,102Tc,,
43,59,102Tc,,
43,54,97Tc,,
43,54,97Tc,,
43,55,98Tc,,
43,56,99Tc,,
43,56,99Tc,,
43,57,100Tc,,
43,50,93Tc,,
43,50,93Tc,,
43,51,94Tc,,
43,51,94Tc,,
43,52,95Tc,,
43,52,95Tc,,
43,53,96Tc,,
43,53,96Tc,,
43,47,90Tc,,
43,47,90Tc,,
43,48,91Tc,,
43,48,91Tc,,
43,49,92Tc,,
43,43,86Tc,,
43,44,87Tc,,
43,45,88Tc,,
43,45,88Tc,,
43,46,89Tc,,
43,46,89Tc,,
43,42,85Tc,,
43,70,113Tc,,
43,71,114Tc,,
43,71,114Tc,,
43,76,119Tc,,
43,77,120Tc,,
43,78,121Tc,,
43,79,122Tc,,
43,72,115Tc,,
43,73,116Tc,,
43,74,117Tc,,
43,75,118Tc,,
43,69,112Tc,,
43,60,103Tc,,
43,65,108Tc,,
43,66,109Tc,,
43,67,110Tc,,
43,68,111Tc,,
43,61,104Tc,,
43,62,105Tc,,
43,63,106Tc,,
43,64,107Tc,,
44,81,125Ru,,
44,80,124Ru,,
44,70,114Ru,,
44,72,116Ru,,
44,71,115Ru,,
44,78,122Ru,,
44,77,121Ru,,
44,79,123Ru,,
44,74,118Ru,,
44,73,117Ru,,
44,76,120Ru,,
44,75,119Ru,,
44,61,105Ru,,
44,60,104Ru,2.73E-1,2.43E-3
44,67,111Ru,,
44,66,110Ru,2.92E-1,9.15E-3
44,69,113Ru,,
44,69,113Ru,,
44,68,112Ru,3.01E-1,1.41E-2
44,63,107Ru,,
44,62,106Ru,2.07E-1,1.55E-2
44,65,109Ru,,
44,64,108Ru,2.75E-1,1.14E-2
44,59,103Ru,,
44,50,94Ru,,
44,56,100Ru,2.15E-1,8.57E-4
44,55,99Ru,,
44,58,102Ru,1.70E-1,1.53E-3
44,57,101Ru,,
44,52,96Ru,1.54E-1,1.57E-3
44,51,95Ru,,
44,54,98Ru,1.96E-1,3.30E-3
44,53,97Ru,,
44,49,93Ru,,
44,49,93Ru,,
44,48,92Ru,,
44,45,89Ru,,
44,44,88Ru,,
44,47,91Ru,,
44,47,91Ru,,
44,46,90Ru,,
44,41,85Ru,,
44,43,87Ru,,
44,42,86Ru,,
45,82,127Rh,,
45,81,126Rh,,
45,83,128Rh,,
45,80,125Rh,,
45,71,116Rh,,
45,71,116Rh,,
45,70,115Rh,,
45,73,118Rh,,
45,73,118Rh,,
45,72,117Rh,,
45,79,124Rh,,
45,78,123Rh,,
45,75,120Rh,,
45,74,119Rh,,
45,77,122Rh,,
45,76,121Rh,,
45,60,105Rh,,
45,60,105Rh,,
45,62,107Rh,,
45,61,106Rh,,
45,61,106Rh,,
45,68,113Rh,,
45,67,112Rh,,
45,67,112Rh,,
45,69,114Rh,,
45,69,114Rh,,
45,64,109Rh,,
45,63,108Rh,,
45,63,108Rh,,
45,66,111Rh,,
45,65,110Rh,,
45,65,110Rh,,
45,51,96Rh,,
45,51,96Rh,,
45,50,95Rh,,
45,50,95Rh,,
45,57,102Rh,,
45,57,102Rh,,
45,56,101Rh,,
45,56,101Rh,,
45,59,104Rh,,
45,59,104Rh,,
45,58,103Rh,,
45,58,103Rh,,
45,53,98Rh,,
45,53,98Rh,,
45,52,97Rh,,
45,52,97Rh,,
45,55,100Rh,,
45,55,100Rh,,
45,54,99Rh,,
45,54,99Rh,,
45,49,94Rh,,
45,49,94Rh,,
45,46,91Rh,,
45,46,91Rh,,
45,45,90Rh,,
45,45,90Rh,,
45,48,93Rh,,
45,48,93Rh,,
45,47,92Rh,,
45,47,92Rh,,
45,44,89Rh,,
46,83,129Pd,,
46,82,128Pd,,
46,85,131Pd,,
46,84,130Pd,,
46,81,127Pd,,
46,80,126Pd,,
46,80,126Pd,,
46,72,118Pd,,
46,71,117Pd,,
46,74,120Pd,,
46,73,119Pd,,
46,73,119Pd,,
46,70,116Pd,1.41E-1,1.92E-2
46,79,125Pd,,
46,76,122Pd,,
46,75,121Pd,,
46,78,124Pd,,
46,77,123Pd,,
46,77,123Pd,,
46,61,107Pd,,
46,61,107Pd,,
46,60,106Pd,1.62E-1,2.72E-3
46,63,109Pd,,
46,63,109Pd,,
46,62,108Pd,2.43E-1,3.56E-3
46,69,115Pd,,
46,69,115Pd,,
46,68,114Pd,2.45E-1,2.09E-2
46,65,111Pd,,
46,65,111Pd,,
46,64,110Pd,2.56E-1,2.04E-3
46,67,113Pd,,
46,67,113Pd,,
46,66,112Pd,2.18E-1,1.81E-2
46,50,96Pd,,
46,52,98Pd,,
46,51,97Pd,,
46,58,104Pd,2.09E-1,5.28E-3
46,57,103Pd,,
46,59,105Pd,,
46,54,100Pd,1.72E-1,3.87E-3
46,53,99Pd,,
46,56,102Pd,1.39E-1,4.86E-3
46,55,101Pd,,
46,47,93Pd,,
46,46,92Pd,,
46,49,95Pd,,
46,49,95Pd,,
46,49,95Pd,,
46,48,94Pd,,
46,45,91Pd,,
46,44,90Pd,,
47,85,132Ag,,
47,83,130Ag,,
47,84,131Ag,,
47,81,128Ag,,
47,82,129Ag,,
47,82,129Ag,,
47,80,127Ag,,
47,80,127Ag,,
47,74,121Ag,,
47,75,122Ag,,
47,75,122Ag,,
47,72,119Ag,,
47,72,119Ag,,
47,73,120Ag,,
47,73,120Ag,,
47,73,120Ag,,
47,70,117Ag,,
47,70,117Ag,,
47,71,118Ag,,
47,71,118Ag,,
47,78,125Ag,,
47,78,125Ag,,
47,79,126Ag,,
47,79,126Ag,,
47,76,123Ag,,
47,77,124Ag,,
47,77,124Ag,,
47,63,110Ag,,
47,63,110Ag,,
47,64,111Ag,,
47,64,111Ag,,
47,61,108Ag,,
47,61,108Ag,,
47,62,109Ag,,
47,62,109Ag,,
47,60,107Ag,,
47,60,107Ag,,
47,69,116Ag,,
47,69,116Ag,,
47,69,116Ag,,
47,67,114Ag,,
47,68,115Ag,,
47,68,115Ag,,
47,65,112Ag,,
47,66,113Ag,,
47,66,113Ag,,
47,52,99Ag,,
47,52,99Ag,,
47,53,100Ag,,
47,53,100Ag,,
47,50,97Ag,,
47,51,98Ag,,
47,58,105Ag,,
47,58,105Ag,,
47,59,106Ag,,
47,59,106Ag,,
47,56,103Ag,,
47,56,103Ag,,
47,57,104Ag,,
47,57,104Ag,,
47,54,101Ag,,
47,54,101Ag,,
47,55,102Ag,,
47,55,102Ag,,
47,49,96Ag,,
47,49,96Ag,,
47,47,94Ag,,
47,47,94Ag,,
47,47,94Ag,,
47,48,95Ag,,
47,45,92Ag,,
47,46,93Ag,,
48,64,112Cd,1.81E-1,5.62E-4
48,65,113Cd,,
48,65,113Cd,,
48,62,110Cd,1.71E-1,2.53E-3
48,63,111Cd,,
48,63,111Cd,,
48,60,108Cd,1.70E-1,8.68E-4
48,61,109Cd,,
48,68,116Cd,1.35E-1,2.44E-3
48,69,117Cd,,
48,69,117Cd,,
48,66,114Cd,1.30E-1,3.86E-3
48,67,115Cd,,
48,67,115Cd,,
48,53,101Cd,,
48,54,102Cd,1.48E-1,1.27E-2
48,51,99Cd,,
48,52,100Cd,,
48,50,98Cd,,
48,59,107Cd,,
48,57,105Cd,,
48,58,106Cd,1.67E-1,9.22E-4
48,55,103Cd,,
48,56,104Cd,1.65E-1,2.75E-2
48,48,96Cd,,
48,48,96Cd,,
48,49,97Cd,,
48,49,97Cd,,
48,49,97Cd,,
48,46,94Cd,,
48,47,95Cd,,
48,86,134Cd,,
48,84,132Cd,,
48,85,133Cd,,
48,82,130Cd,,
48,83,131Cd,,
48,80,128Cd,,
48,81,129Cd,,
48,81,129Cd,,
48,75,123Cd,,
48,75,123Cd,,
48,76,124Cd,,
48,73,121Cd,,
48,73,121Cd,,
48,74,122Cd,1.19E-1,2.99E-2
48,71,119Cd,,
48,71,119Cd,,
48,72,120Cd,1.21E-1,7.08E-3
48,70,118Cd,1.34E-1,5.66E-3
48,79,127Cd,,
48,79,127Cd,,
48,77,125Cd,,
48,77,125Cd,,
48,78,126Cd,1.21E-1,1.42E-2
49,88,137In,,
49,87,136In,,
49,86,135In,,
49,85,134In,,
49,84,133In,,
49,84,133In,,
49,83,132In,,
49,82,131In,,
49,82,131In,,
49,82,131In,,
49,81,130In,,
49,81,130In,,
49,81,130In,,
49,80,129In,,
49,80,129In,,
49,80,129In,,
49,80,129In,,
49,77,126In,,
49,77,126In,,
49,76,125In,,
49,76,125In,,
49,75,124In,,
49,75,124In,,
49,74,123In,,
49,74,123In,,
49,73,122In,,
49,73,122In,,
49,73,122In,,
49,72,121In,,
49,72,121In,,
49,71,120In,,
49,71,120In,,
49,71,120In,,
49,70,119In,,
49,70,119In,,
49,79,128In,,
49,79,128In,,
49,79,128In,,
49,78,127In,,
49,78,127In,,
49,78,127In,,
49,66,115In,,
49,66,115In,,
49,65,114In,,
49,65,114In,,
49,64,113In,,
49,64,113In,,
49,63,112In,,
49,63,112In,,
49,62,111In,,
49,62,111In,,
49,61,110In,,
49,61,110In,,
49,60,109In,,
49,60,109In,,
49,60,109In,,
49,69,118In,,
49,69,118In,,
49,69,118In,,
49,68,117In,,
49,68,117In,,
49,67,116In,,
49,67,116In,,
49,67,116In,,
49,55,104In,,
49,55,104In,,
49,54,103In,,
49,54,103In,,
49,53,102In,,
49,52,101In,,
49,52,101In,,
49,51,100In,,
49,50,99In,,
49,59,108In,,
49,59,108In,,
49,58,107In,,
49,58,107In,,
49,57,106In,,
49,57,106In,,
49,56,105In,,
49,56,105In,,
49,49,98In,,
49,49,98In,,
49,48,97In,,
49,47,96In,,
50,49,99Sn,,
50,51,101Sn,,
50,50,100Sn,,
50,53,103Sn,,
50,52,102Sn,,
50,55,105Sn,,
50,54,104Sn,,
50,57,107Sn,,
50,56,106Sn,,
50,59,109Sn,,
50,58,108Sn,1.23E-1,1.54E-2
50,60,110Sn,1.20E-1,5.00E-3
50,62,112Sn,1.22E-1,8.15E-4
50,61,111Sn,,
50,64,114Sn,1.05E-1,3.76E-3
50,63,113Sn,,
50,63,113Sn,,
50,66,116Sn,1.11E-1,1.49E-3
50,65,115Sn,,
50,68,118Sn,1.10E-1,2.15E-3
50,67,117Sn,,
50,67,117Sn,,
50,69,119Sn,,
50,69,119Sn,,
50,71,121Sn,,
50,71,121Sn,,
50,70,120Sn,1.07E-1,1.00E-3
50,73,123Sn,,
50,73,123Sn,,
50,72,122Sn,1.02E-1,1.05E-3
50,75,125Sn,,
50,75,125Sn,,
50,74,124Sn,9.51E-2,1.55E-3
50,77,127Sn,,
50,77,127Sn,,
50,76,126Sn,8.32E-2,2.57E-3
50,79,129Sn,,
50,79,129Sn,,
50,78,128Sn,6.46E-2,1.98E-3
50,78,128Sn,6.46E-2,1.98E-3
50,80,130Sn,,
50,80,130Sn,,
50,82,132Sn,7.12E-2,9.59E-3
50,81,131Sn,,
50,81,131Sn,,
50,84,134Sn,,
50,83,133Sn,,
50,86,136Sn,,
50,85,135Sn,,
50,88,138Sn,,
50,87,137Sn,,
50,89,139Sn,,
50,90,140Sn,,
51,54,105Sb,,
51,53,104Sb,,
51,56,107Sb,,
51,55,106Sb,,
51,58,109Sb,,
51,57,108Sb,,
51,59,110Sb,,
51,61,112Sb,,
51,60,111Sb,,
51,63,114Sb,,
51,62,113Sb,,
51,65,116Sb,,
51,65,116Sb,,
51,64,115Sb,,
51,67,118Sb,,
51,67,118Sb,,
51,66,117Sb,,
51,69,120Sb,,
51,69,120Sb,,
51,68,119Sb,,
51,68,119Sb,,
51,70,121Sb,,
51,72,123Sb,,
51,71,122Sb,,
51,71,122Sb,,
51,74,125Sb,,
51,73,124Sb,,
51,73,124Sb,,
51,73,124Sb,,
51,76,127Sb,,
51,75,126Sb,,
51,75,126Sb,,
51,75,126Sb,,
51,78,129Sb,,
51,78,129Sb,,
51,77,128Sb,,
51,77,128Sb,,
51,79,130Sb,,
51,79,130Sb,,
51,81,132Sb,,
51,81,132Sb,,
51,80,131Sb,,
51,83,134Sb,,
51,83,134Sb,,
51,82,133Sb,,
51,85,136Sb,,
51,84,135Sb,,
51,87,138Sb,,
51,86,137Sb,,
51,89,140Sb,,
51,88,139Sb,,
51,90,141Sb,,
51,91,142Sb,,
52,54,106Te,,
52,55,107Te,,
52,52,104Te,,
52,53,105Te,,
52,58,110Te,,
52,59,111Te,,
52,56,108Te,,
52,57,109Te,,
52,61,113Te,,
52,62,114Te,1.77E-1,7.22E-3
52,60,112Te,,
52,65,117Te,,
52,65,117Te,,
52,66,118Te,,
52,63,115Te,,
52,63,115Te,,
52,64,116Te,,
52,69,121Te,,
52,69,121Te,,
52,67,119Te,,
52,67,119Te,,
52,68,120Te,1.20E-1,1.23E-2
52,72,124Te,1.69E-1,1.37E-3
52,73,125Te,,
52,73,125Te,,
52,70,122Te,1.31E-1,6.59E-4
52,71,123Te,,
52,71,123Te,,
52,76,128Te,1.35E-1,6.14E-4
52,77,129Te,,
52,77,129Te,,
52,74,126Te,1.52E-1,1.33E-3
52,75,127Te,,
52,75,127Te,,
52,78,130Te,1.18E-1,1.28E-3
52,79,131Te,,
52,79,131Te,,
52,79,131Te,,
52,80,132Te,9.05E-2,4.45E-3
52,83,135Te,,
52,84,136Te,8.42E-2,7.99E-3
52,81,133Te,,
52,81,133Te,,
52,82,134Te,7.67E-2,1.19E-2
52,87,139Te,,
52,88,140Te,,
52,85,137Te,,
52,86,138Te,,
52,89,141Te,,
52,90,142Te,,
52,91,143Te,,
52,92,144Te,,
52,93,145Te,,
53,55,108I,,
53,56,109I,,
53,59,112I,,
53,57,110I,,
53,58,111I,,
53,62,115I,,
53,63,116I,,
53,60,113I,,
53,61,114I,,
53,61,114I,,
53,66,119I,,
53,67,120I,,
53,67,120I,,
53,64,117I,,
53,65,118I,,
53,65,118I,,
53,68,121I,,
53,69,122I,,
53,70,123I,,
53,73,126I,,
53,74,127I,,
53,71,124I,,
53,72,125I,,
53,77,130I,,
53,77,130I,,
53,78,131I,,
53,75,128I,,
53,76,129I,,
53,79,132I,,
53,79,132I,,
53,80,133I,,
53,80,133I,,
53,81,134I,,
53,81,134I,,
53,84,137I,,
53,85,138I,,
53,82,135I,,
53,83,136I,,
53,83,136I,,
53,88,141I,,
53,89,142I,,
53,86,139I,,
53,87,140I,,
53,87,140I,,
53,87,140I,,
53,91,144I,,
53,92,145I,,
53,90,143I,,
53,93,146I,,
53,94,147I,,
54,71,125Xe,,
54,71,125Xe,,
54,70,124Xe,2.23E-1,2.86E-3
54,75,129Xe,,
54,75,129Xe,,
54,74,128Xe,2.02E-1,2.24E-2
54,73,127Xe,,
54,73,127Xe,,
54,72,126Xe,1.94E-1,7.68E-3
54,79,133Xe,,
54,79,133Xe,,
54,78,132Xe,1.40E-1,4.55E-3
54,77,131Xe,,
54,77,131Xe,,
54,76,130Xe,1.27E-1,1.11E-2
54,82,136Xe,9.13E-2,1.77E-3
54,81,135Xe,,
54,81,135Xe,,
54,80,134Xe,1.14E-1,3.86E-3
54,80,134Xe,1.14E-1,3.86E-3
54,86,140Xe,1.43E-1,2.04E-3
54,85,139Xe,,
54,84,138Xe,1.19E-1,1.58E-2
54,83,137Xe,,
54,89,143Xe,,
54,88,142Xe,1.19E-1,8.94E-3
54,87,141Xe,,
54,93,147Xe,,
54,92,146Xe,,
54,91,145Xe,,
54,90,144Xe,,
54,96,150Xe,,
54,95,149Xe,,
54,94,148Xe,,
54,57,111Xe,,
54,56,110Xe,,
54,55,109Xe,,
54,54,108Xe,,
54,59,113Xe,,
54,58,112Xe,,
54,60,114Xe,1.60E-1,4.16E-3
54,64,118Xe,1.89E-1,4.28E-3
54,63,117Xe,,
54,62,116Xe,1.77E-1,3.36E-3
54,61,115Xe,,
54,68,122Xe,2.58E-1,5.24E-3
54,67,121Xe,,
54,66,120Xe,2.08E-1,4.62E-3
54,65,119Xe,,
54,69,123Xe,,
55,58,113Cs,,
55,57,112Cs,,
55,59,114Cs,,
55,61,116Cs,,
55,61,116Cs,,
55,60,115Cs,,
55,65,120Cs,,
55,65,120Cs,,
55,64,119Cs,,
55,64,119Cs,,
55,63,118Cs,,
55,63,118Cs,,
55,62,117Cs,,
55,62,117Cs,,
55,69,124Cs,,
55,69,124Cs,,
55,68,123Cs,,
55,68,123Cs,,
55,67,122Cs,,
55,67,122Cs,,
55,67,122Cs,,
55,66,121Cs,,
55,66,121Cs,,
55,72,127Cs,,
55,71,126Cs,,
55,70,125Cs,,
55,76,131Cs,,
55,75,130Cs,,
55,75,130Cs,,
55,74,129Cs,,
55,73,128Cs,,
55,79,134Cs,,
55,79,134Cs,,
55,78,133Cs,,
55,77,132Cs,,
55,83,138Cs,,
55,83,138Cs,,
55,82,137Cs,,
55,81,136Cs,,
55,81,136Cs,,
55,80,135Cs,,
55,80,135Cs,,
55,87,142Cs,,
55,86,141Cs,,
55,85,140Cs,,
55,84,139Cs,,
55,89,144Cs,,
55,88,143Cs,,
55,90,145Cs,,
55,94,149Cs,,
55,93,148Cs,,
55,92,147Cs,,
55,91,146Cs,,
55,97,152Cs,,
55,96,151Cs,,
55,95,150Cs,,
56,92,148Ba,,
56,93,149Ba,,
56,94,150Ba,,
56,95,151Ba,,
56,90,146Ba,2.18E-1,3.32E-3
56,91,147Ba,,
56,96,152Ba,,
56,97,153Ba,,
56,98,154Ba,,
56,58,114Ba,,
56,59,115Ba,,
56,60,116Ba,,
56,61,117Ba,,
56,62,118Ba,,
56,67,123Ba,,
56,68,124Ba,3.01E-1,6.32E-3
56,69,125Ba,,
56,63,119Ba,,
56,64,120Ba,,
56,65,121Ba,,
56,66,122Ba,3.52E-1,1.60E-2
56,70,126Ba,2.74E-1,5.04E-3
56,71,127Ba,,
56,71,127Ba,,
56,72,128Ba,2.40E-1,1.03E-2
56,73,129Ba,,
56,73,129Ba,,
56,78,134Ba,1.63E-1,1.43E-3
56,79,135Ba,,
56,79,135Ba,,
56,74,130Ba,2.15E-1,3.09E-3
56,75,131Ba,,
56,75,131Ba,,
56,76,132Ba,1.85E-1,6.75E-3
56,77,133Ba,,
56,77,133Ba,,
56,81,137Ba,,
56,81,137Ba,,
56,82,138Ba,9.38E-2,1.41E-3
56,83,139Ba,,
56,84,140Ba,1.31E-1,9.00E-3
56,80,136Ba,1.25E-1,9.93E-4
56,80,136Ba,1.25E-1,9.93E-4
56,89,145Ba,,
56,85,141Ba,,
56,86,142Ba,1.60E-1,2.46E-3
56,87,143Ba,,
56,88,144Ba,1.96E-1,2.77E-3
57,60,117La,,
57,63,120La,,
57,68,125La,,
57,68,125La,,
57,69,126La,,
57,69,126La,,
57,64,121La,,
57,65,122La,,
57,66,123La,,
57,67,124La,,
57,67,124La,,
57,71,128La,,
57,71,128La,,
57,72,129La,,
57,72,129La,,
57,73,130La,,
57,74,131La,,
57,70,127La,,
57,70,127La,,
57,79,136La,,
57,79,136La,,
57,75,132La,,
57,75,132La,,
57,76,133La,,
57,77,134La,,
57,78,135La,,
57,82,139La,,
57,83,140La,,
57,84,141La,,
57,85,142La,,
57,80,137La,,
57,81,138La,,
57,86,143La,,
57,87,144La,,
57,88,145La,,
57,89,146La,,
57,89,146La,,
57,93,150La,,
57,94,151La,,
57,95,152La,,
57,96,153La,,
57,90,147La,,
57,91,148La,,
57,92,149La,,
57,97,154La,,
57,98,155La,,
57,99,156La,,
57,100,157La,,
58,100,158Ce,,
58,63,121Ce,,
58,64,122Ce,,
58,69,127Ce,,
58,69,127Ce,,
58,65,123Ce,,
58,66,124Ce,3.37E-1,3.64E-2
58,67,125Ce,,
58,67,125Ce,,
58,68,126Ce,3.32E-1,2.71E-2
58,72,130Ce,2.57E-1,5.41E-3
58,73,131Ce,,
58,73,131Ce,,
58,74,132Ce,2.64E-1,9.91E-3
58,75,133Ce,,
58,75,133Ce,,
58,70,128Ce,2.88E-1,1.44E-2
58,71,129Ce,,
58,76,134Ce,1.96E-1,8.54E-3
58,77,135Ce,,
58,77,135Ce,,
58,78,136Ce,1.71E-1,1.02E-2
58,79,137Ce,,
58,79,137Ce,,
58,83,141Ce,,
58,84,142Ce,1.25E-1,1.35E-3
58,85,143Ce,,
58,86,144Ce,1.62E-1,4.58E-3
58,80,138Ce,1.28E-1,1.29E-3
58,80,138Ce,1.28E-1,1.29E-3
58,81,139Ce,,
58,81,139Ce,,
58,82,140Ce,1.01E-1,2.56E-3
58,87,145Ce,,
58,88,146Ce,1.79E-1,1.01E-2
58,89,147Ce,,
58,94,152Ce,4.31E-1,7.13E-3
58,95,153Ce,,
58,96,154Ce,,
58,97,155Ce,,
58,90,148Ce,2.52E-1,7.53E-3
58,91,149Ce,,
58,92,150Ce,3.09E-1,3.75E-2
58,93,151Ce,,
58,98,156Ce,,
58,99,157Ce,,
59,100,159Pr,,
59,101,160Pr,,
59,102,161Pr,,
59,85,144Pr,,
59,85,144Pr,,
59,84,143Pr,,
59,87,146Pr,,
59,86,145Pr,,
59,81,140Pr,,
59,80,139Pr,,
59,83,142Pr,,
59,83,142Pr,,
59,82,141Pr,,
59,89,148Pr,,
59,89,148Pr,,
59,88,147Pr,,
59,90,149Pr,,
59,96,155Pr,,
59,95,154Pr,,
59,98,157Pr,,
59,97,156Pr,,
59,92,151Pr,,
59,91,150Pr,,
59,94,153Pr,,
59,93,152Pr,,
59,99,158Pr,,
59,62,121Pr,,
59,65,124Pr,,
59,67,126Pr,,
59,66,125Pr,,
59,69,128Pr,,
59,68,127Pr,,
59,74,133Pr,,
59,74,133Pr,,
59,73,132Pr,,
59,76,135Pr,,
59,75,134Pr,,
59,75,134Pr,,
59,70,129Pr,,
59,72,131Pr,,
59,72,131Pr,,
59,71,130Pr,,
59,71,130Pr,,
59,78,137Pr,,
59,77,136Pr,,
59,79,138Pr,,
59,79,138Pr,,
60,103,163Nd,,
60,101,161Nd,,
60,102,162Nd,,
60,100,160Nd,,
60,74,134Nd,2.54E-1,3.57E-3
60,73,133Nd,,
60,73,133Nd,,
60,72,132Nd,3.81E-1,1.16E-2
60,71,131Nd,,
60,70,130Nd,3.40E-1,7.08E-2
60,79,139Nd,,
60,79,139Nd,,
60,78,138Nd,,
60,77,137Nd,,
60,77,137Nd,,
60,76,136Nd,,
60,75,135Nd,,
60,75,135Nd,,
60,85,145Nd,,
60,84,144Nd,1.34E-1,1.12E-3
60,83,143Nd,,
60,82,142Nd,9.15E-2,8.32E-4
60,81,141Nd,,
60,81,141Nd,,
60,80,140Nd,1.53E-1,6.01E-3
60,89,149Nd,,
60,88,148Nd,2.00E-1,3.76E-3
60,87,147Nd,,
60,86,146Nd,1.45E-1,3.13E-3
60,96,156Nd,,
60,95,155Nd,,
60,94,154Nd,2.58E-1,3.36E-2
60,93,153Nd,,
60,92,152Nd,3.47E-1,9.85E-3
60,91,151Nd,,
60,90,150Nd,2.84E-1,3.07E-3
60,99,159Nd,,
60,98,158Nd,,
60,97,157Nd,,
60,69,129Nd,,
60,69,129Nd,,
60,68,128Nd,,
60,67,127Nd,,
60,66,126Nd,,
60,65,125Nd,,
61,69,130Pm,,
61,68,129Pm,,
61,67,128Pm,,
61,75,136Pm,,
61,75,136Pm,,
61,74,135Pm,,
61,74,135Pm,,
61,73,134Pm,,
61,73,134Pm,,
61,72,133Pm,,
61,72,133Pm,,
61,71,132Pm,,
61,70,131Pm,,
61,79,140Pm,,
61,79,140Pm,,
61,78,139Pm,,
61,78,139Pm,,
61,77,138Pm,,
61,76,137Pm,,
61,76,137Pm,,
61,86,147Pm,,
61,85,146Pm,,
61,84,145Pm,,
61,83,144Pm,,
61,82,143Pm,,
61,81,142Pm,,
61,80,141Pm,,
61,89,150Pm,,
61,88,149Pm,,
61,87,148Pm,,
61,87,148Pm,,
61,97,158Pm,,
61,96,157Pm,,
61,95,156Pm,,
61,95,156Pm,,
61,94,155Pm,,
61,93,154Pm,,
61,93,154Pm,,
61,92,153Pm,,
61,91,152Pm,,
61,91,152Pm,,
61,91,152Pm,,
61,90,151Pm,,
61,99,160Pm,,
61,99,160Pm,,
61,98,159Pm,,
61,104,165Pm,,
61,100,161Pm,,
61,101,162Pm,,
61,102,163Pm,,
61,103,164Pm,,
62,67,129Sm,,
62,68,130Sm,,
62,69,131Sm,,
62,77,139Sm,,
62,77,139Sm,,
62,78,140Sm,1.81E-1,4.76E-3
62,79,141Sm,,
62,79,141Sm,,
62,70,132Sm,,
62,71,133Sm,,
62,71,133Sm,,
62,72,134Sm,3.63E-1,1.73E-2
62,73,135Sm,,
62,74,136Sm,2.93E-1,1.49E-2
62,75,137Sm,,
62,76,138Sm,2.05E-1,1.53E-2
62,88,150Sm,1.93E-1,2.19E-3
62,89,151Sm,,
62,80,142Sm,,
62,81,143Sm,,
62,81,143Sm,,
62,82,144Sm,8.80E-2,1.30E-3
62,83,145Sm,,
62,84,146Sm,,
62,85,147Sm,,
62,86,148Sm,1.42E-1,2.94E-3
62,87,149Sm,,
62,102,164Sm,,
62,101,163Sm,,
62,100,162Sm,,
62,106,168Sm,,
62,105,167Sm,,
62,104,166Sm,,
62,103,165Sm,,
62,99,161Sm,,
62,90,152Sm,3.07E-1,1.72E-3
62,91,153Sm,,
62,92,154Sm,3.39E-1,3.08E-3
62,93,155Sm,,
62,94,156Sm,,
62,95,157Sm,,
62,96,158Sm,,
62,97,159Sm,,
62,98,160Sm,,
63,107,170Eu,,
63,106,169Eu,,
63,101,164Eu,,
63,100,163Eu,,
63,103,166Eu,,
63,102,165Eu,,
63,105,168Eu,,
63,104,167Eu,,
63,67,130Eu,,
63,68,131Eu,,
63,69,132Eu,,
63,78,141Eu,,
63,78,141Eu,,
63,79,142Eu,,
63,79,142Eu,,
63,71,134Eu,,
63,72,135Eu,,
63,73,136Eu,,
63,73,136Eu,,
63,74,137Eu,,
63,75,138Eu,,
63,76,139Eu,,
63,77,140Eu,,
63,77,140Eu,,
63,89,152Eu,,
63,89,152Eu,,
63,89,152Eu,,
63,80,143Eu,,
63,81,144Eu,,
63,82,145Eu,,
63,83,146Eu,,
63,84,147Eu,,
63,85,148Eu,,
63,86,149Eu,,
63,87,150Eu,,
63,87,150Eu,,
63,88,151Eu,,
63,90,153Eu,,
63,91,154Eu,,
63,91,154Eu,,
63,92,155Eu,,
63,93,156Eu,,
63,94,157Eu,,
63,95,158Eu,,
63,96,159Eu,,
63,97,160Eu,,
63,97,160Eu,,
63,98,161Eu,,
63,99,162Eu,,
63,99,162Eu,,
64,79,143Gd,,
64,79,143Gd,,
64,70,134Gd,,
64,72,136Gd,,
64,71,135Gd,,
64,74,138Gd,2.50E-1,7.00E-3
64,73,137Gd,,
64,76,140Gd,,
64,75,139Gd,,
64,75,139Gd,,
64,78,142Gd,,
64,77,141Gd,,
64,77,141Gd,,
64,81,145Gd,,
64,81,145Gd,,
64,80,144Gd,,
64,83,147Gd,,
64,82,146Gd,,
64,85,149Gd,,
64,84,148Gd,7.71E-2,1.10E-2
64,87,151Gd,,
64,86,150Gd,,
64,89,153Gd,,
64,88,152Gd,2.11E-1,8.92E-3
64,90,154Gd,3.10E-1,1.18E-3
64,92,156Gd,3.40E-1,2.54E-3
64,91,155Gd,,
64,94,158Gd,3.48E-1,4.07E-3
64,93,157Gd,,
64,96,160Gd,3.50E-1,2.40E-3
64,95,159Gd,,
64,98,162Gd,,
64,97,161Gd,,
64,99,163Gd,,
64,99,163Gd,,
64,104,168Gd,,
64,103,167Gd,,
64,102,166Gd,,
64,101,165Gd,,
64,100,164Gd,3.49E-1,9.13E-3
64,108,172Gd,,
64,107,171Gd,,
64,106,170Gd,,
64,105,169Gd,,
65,101,166Tb,,
65,100,165Tb,,
65,103,168Tb,,
65,102,167Tb,,
65,109,174Tb,,
65,108,173Tb,,
65,105,170Tb,,
65,104,169Tb,,
65,107,172Tb,,
65,106,171Tb,,
65,80,145Tb,,
65,82,147Tb,,
65,82,147Tb,,
65,81,146Tb,,
65,81,146Tb,,
65,84,149Tb,,
65,84,149Tb,,
65,83,148Tb,,
65,83,148Tb,,
65,86,151Tb,,
65,86,151Tb,,
65,85,150Tb,,
65,85,150Tb,,
65,88,153Tb,,
65,87,152Tb,,
65,87,152Tb,,
65,89,154Tb,,
65,89,154Tb,,
65,89,154Tb,,
65,91,156Tb,,
65,91,156Tb,,
65,91,156Tb,,
65,90,155Tb,,
65,93,158Tb,,
65,93,158Tb,,
65,92,157Tb,,
65,95,160Tb,,
65,94,159Tb,,
65,97,162Tb,,
65,97,162Tb,,
65,96,161Tb,,
65,99,164Tb,,
65,99,164Tb,,
65,98,163Tb,,
65,70,135Tb,,
65,73,138Tb,,
65,75,140Tb,,
65,74,139Tb,,
65,77,142Tb,,
65,77,142Tb,,
65,76,141Tb,,
65,79,144Tb,,
65,79,144Tb,,
65,78,143Tb,,
65,78,143Tb,,
66,75,141Dy,,
66,76,142Dy,,
66,73,139Dy,,
66,74,140Dy,,
66,79,145Dy,,
66,79,145Dy,,
66,77,143Dy,,
66,77,143Dy,,
66,78,144Dy,,
66,82,148Dy,,
66,83,149Dy,,
66,83,149Dy,,
66,80,146Dy,,
66,80,146Dy,,
66,81,147Dy,,
66,81,147Dy,,
66,86,152Dy,8.77E-2,2.19E-2
66,87,153Dy,,
66,84,150Dy,,
66,85,151Dy,,
66,88,154Dy,2.35E-1,8.55E-3
66,89,155Dy,,
66,90,156Dy,2.94E-1,1.66E-3
66,93,159Dy,,
66,94,160Dy,3.36E-1,2.23E-3
66,91,157Dy,,
66,92,158Dy,3.27E-1,3.46E-3
66,97,163Dy,,
66,98,164Dy,3.48E-1,3.15E-3
66,95,161Dy,,
66,96,162Dy,3.41E-1,2.69E-3
66,99,165Dy,,
66,99,165Dy,,
66,110,176Dy,,
66,102,168Dy,,
66,101,167Dy,,
66,100,166Dy,,
66,106,172Dy,,
66,106,172Dy,,
66,105,171Dy,,
66,104,170Dy,,
66,103,169Dy,,
66,109,175Dy,,
66,108,174Dy,,
66,107,173Dy,,
67,73,140Ho,,
67,76,143Ho,,
67,77,144Ho,,
67,74,141Ho,,
67,75,142Ho,,
67,78,145Ho,,
67,79,146Ho,,
67,80,147Ho,,
67,83,150Ho,,
67,83,150Ho,,
67,84,151Ho,,
67,84,151Ho,,
67,81,148Ho,,
67,81,148Ho,,
67,82,149Ho,,
67,82,149Ho,,
67,87,154Ho,,
67,87,154Ho,,
67,88,155Ho,,
67,85,152Ho,,
67,85,152Ho,,
67,86,153Ho,,
67,86,153Ho,,
67,89,156Ho,,
67,89,156Ho,,
67,89,156Ho,,
67,90,157Ho,,
67,91,158Ho,,
67,91,158Ho,,
67,91,158Ho,,
67,94,161Ho,,
67,94,161Ho,,
67,95,162Ho,,
67,95,162Ho,,
67,92,159Ho,,
67,92,159Ho,,
67,93,160Ho,,
67,93,160Ho,,
67,93,160Ho,,
67,98,165Ho,,
67,99,166Ho,,
67,99,166Ho,,
67,96,163Ho,,
67,96,163Ho,,
67,97,164Ho,,
67,97,164Ho,,
67,101,168Ho,,
67,101,168Ho,,
67,100,167Ho,,
67,103,170Ho,,
67,103,170Ho,,
67,102,169Ho,,
67,105,172Ho,,
67,104,171Ho,,
67,107,174Ho,,
67,106,173Ho,,
67,109,176Ho,,
67,108,175Ho,,
67,110,177Ho,,
67,111,178Ho,,
68,108,176Er,,
68,107,175Er,,
68,106,174Er,,
68,106,174Er,,
68,105,173Er,,
68,104,172Er,,
68,103,171Er,,
68,102,170Er,3.37E-1,3.04E-3
68,101,169Er,,
68,100,168Er,3.40E-1,3.20E-3
68,109,177Er,,
68,112,180Er,,
68,111,179Er,,
68,110,178Er,,
68,78,146Er,,
68,77,145Er,,
68,77,145Er,,
68,76,144Er,,
68,75,143Er,,
68,79,147Er,,
68,79,147Er,,
68,81,149Er,,
68,81,149Er,,
68,80,148Er,,
68,85,153Er,,
68,84,152Er,,
68,83,151Er,,
68,83,151Er,,
68,82,150Er,,
68,89,157Er,,
68,88,156Er,1.88E-1,2.50E-3
68,87,155Er,,
68,86,154Er,,
68,92,160Er,3.02E-1,5.27E-3
68,91,159Er,,
68,90,158Er,2.64E-1,9.26E-3
68,96,164Er,3.34E-1,4.16E-3
68,95,163Er,,
68,94,162Er,3.31E-1,7.93E-3
68,93,161Er,,
68,99,167Er,,
68,99,167Er,,
68,98,166Er,3.43E-1,3.13E-3
68,97,165Er,,
69,75,144Tm,,
69,79,148Tm,,
69,78,147Tm,,
69,77,146Tm,,
69,77,146Tm,,
69,77,146Tm,,
69,76,145Tm,,
69,82,151Tm,,
69,82,151Tm,,
69,81,150Tm,,
69,81,150Tm,,
69,80,149Tm,,
69,86,155Tm,,
69,86,155Tm,,
69,85,154Tm,,
69,85,154Tm,,
69,84,153Tm,,
69,84,153Tm,,
69,83,152Tm,,
69,83,152Tm,,
69,89,158Tm,,
69,88,157Tm,,
69,87,156Tm,,
69,93,162Tm,,
69,93,162Tm,,
69,92,161Tm,,
69,92,161Tm,,
69,91,160Tm,,
69,91,160Tm,,
69,90,159Tm,,
69,97,166Tm,,
69,97,166Tm,,
69,96,165Tm,,
69,95,164Tm,,
69,95,164Tm,,
69,94,163Tm,,
69,99,168Tm,,
69,98,167Tm,,
69,109,178Tm,,
69,108,177Tm,,
69,108,177Tm,,
69,105,174Tm,,
69,105,174Tm,,
69,104,173Tm,,
69,107,176Tm,,
69,106,175Tm,,
69,101,170Tm,,
69,100,169Tm,,
69,103,172Tm,,
69,102,171Tm,,
69,112,181Tm,,
69,111,180Tm,,
69,110,179Tm,,
70,79,149Yb,,
70,89,159Yb,,
70,86,156Yb,,
70,85,155Yb,,
70,88,158Yb,1.92E-1,1.15E-2
70,87,157Yb,,
70,82,152Yb,,
70,81,151Yb,,
70,81,151Yb,,
70,84,154Yb,,
70,83,153Yb,,
70,80,150Yb,,
70,97,167Yb,,
70,96,166Yb,3.12E-1,7.76E-3
70,99,169Yb,,
70,99,169Yb,,
70,98,168Yb,3.27E-1,4.85E-3
70,93,163Yb,,
70,92,162Yb,2.62E-1,2.92E-3
70,95,165Yb,,
70,94,164Yb,2.88E-1,4.81E-3
70,91,161Yb,,
70,90,160Yb,2.19E-1,6.34E-3
70,101,171Yb,,
70,100,170Yb,3.22E-1,2.89E-3
70,112,182Yb,,
70,111,181Yb,,
70,110,180Yb,,
70,105,175Yb,,
70,104,174Yb,3.20E-1,4.19E-3
70,103,173Yb,,
70,102,172Yb,3.29E-1,5.46E-3
70,109,179Yb,,
70,108,178Yb,,
70,107,177Yb,,
70,107,177Yb,,
70,106,176Yb,3.05E-1,4.78E-3
70,106,176Yb,3.05E-1,4.78E-3
70,115,185Yb,,
70,114,184Yb,,
70,113,183Yb,,
71,102,173Lu,,
71,101,172Lu,,
71,101,172Lu,,
71,104,175Lu,,
71,103,174Lu,,
71,103,174Lu,,
71,106,177Lu,,
71,106,177Lu,,
71,105,176Lu,,
71,105,176Lu,,
71,108,179Lu,,
71,107,178Lu,,
71,107,178Lu,,
71,109,180Lu,,
71,111,182Lu,,
71,110,181Lu,,
71,100,171Lu,,
71,100,171Lu,,
71,113,184Lu,,
71,112,183Lu,,
71,115,186Lu,,
71,114,185Lu,,
71,117,188Lu,,
71,116,187Lu,,
71,87,158Lu,,
71,86,157Lu,,
71,86,157Lu,,
71,89,160Lu,,
71,89,160Lu,,
71,88,159Lu,,
71,83,154Lu,,
71,83,154Lu,,
71,82,153Lu,,
71,85,156Lu,,
71,85,156Lu,,
71,84,155Lu,,
71,84,155Lu,,
71,81,152Lu,,
71,80,151Lu,,
71,80,151Lu,,
71,98,169Lu,,
71,98,169Lu,,
71,97,168Lu,,
71,97,168Lu,,
71,99,170Lu,,
71,99,170Lu,,
71,94,165Lu,,
71,93,164Lu,,
71,96,167Lu,,
71,96,167Lu,,
71,95,166Lu,,
71,95,166Lu,,
71,95,166Lu,,
71,90,161Lu,,
71,92,163Lu,,
71,91,162Lu,,
71,91,162Lu,,
71,91,162Lu,,
71,79,150Lu,,
72,89,161Hf,,
72,87,159Hf,,
72,88,160Hf,,
72,85,157Hf,,
72,86,158Hf,,
72,83,155Hf,,
72,84,156Hf,,
72,81,153Hf,,
72,82,154Hf,,
72,98,170Hf,2.96E-1,5.20E-3
72,99,171Hf,,
72,99,171Hf,,
72,96,168Hf,2.73E-1,6.26E-3
72,97,169Hf,,
72,94,166Hf,2.48E-1,5.80E-3
72,95,167Hf,,
72,92,164Hf,1.82E-1,8.79E-3
72,93,165Hf,,
72,90,162Hf,1.57E-1,6.10E-3
72,91,163Hf,,
72,109,181Hf,,
72,108,180Hf,2.73E-1,1.91E-3
72,108,180Hf,2.73E-1,1.91E-3
72,107,179Hf,,
72,107,179Hf,,
72,107,179Hf,,
72,106,178Hf,2.78E-1,2.74E-3
72,106,178Hf,2.78E-1,2.74E-3
72,106,178Hf,2.78E-1,2.74E-3
72,105,177Hf,,
72,105,177Hf,,
72,105,177Hf,,
72,104,176Hf,2.97E-1,4.58E-3
72,103,175Hf,,
72,102,174Hf,2.71E-1,5.98E-3
72,101,173Hf,,
72,100,172Hf,2.72E-1,8.96E-3
72,110,182Hf,,
72,110,182Hf,,
72,118,190Hf,,
72,117,189Hf,,
72,116,188Hf,,
72,115,187Hf,,
72,114,186Hf,,
72,114,186Hf,,
72,113,185Hf,,
72,112,184Hf,,
72,112,184Hf,,
72,112,184Hf,,
72,111,183Hf,,
73,88,161Ta,,
73,88,161Ta,,
73,89,162Ta,,
73,86,159Ta,,
73,86,159Ta,,
73,87,160Ta,,
73,87,160Ta,,
73,84,157Ta,,
73,85,158Ta,,
73,82,155Ta,,
73,83,156Ta,,
73,83,156Ta,,
73,99,172Ta,,
73,97,170Ta,,
73,98,171Ta,,
73,95,168Ta,,
73,96,169Ta,,
73,93,166Ta,,
73,94,167Ta,,
73,91,164Ta,,
73,92,165Ta,,
73,90,163Ta,,
73,108,181Ta,,
73,107,180Ta,,
73,107,180Ta,,
73,109,182Ta,,
73,109,182Ta,,
73,109,182Ta,,
73,104,177Ta,,
73,103,176Ta,,
73,106,179Ta,,
73,105,178Ta,,
73,105,178Ta,,
73,105,178Ta,,
73,100,173Ta,,
73,102,175Ta,,
73,101,174Ta,,
73,121,194Ta,,
73,120,193Ta,,
73,119,192Ta,,
73,118,191Ta,,
73,115,188Ta,,
73,115,188Ta,,
73,114,187Ta,,
73,114,187Ta,,
73,114,187Ta,,
73,117,190Ta,,
73,116,189Ta,,
73,111,184Ta,,
73,110,183Ta,,
73,113,186Ta,,
73,113,186Ta,,
73,113,186Ta,,
73,112,185Ta,,
74,117,191W,,
74,118,192W,,
74,119,193W,,
74,113,187W,,
74,114,188W,1.96E-1,1.36E-2
74,115,189W,,
74,116,190W,,
74,110,184W,2.34E-1,1.69E-3
74,111,185W,,
74,111,185W,,
74,112,186W,2.27E-1,1.54E-3
74,120,194W,,
74,121,195W,,
74,122,196W,,
74,123,197W,,
74,106,180W,2.53E-1,5.15E-3
74,107,181W,,
74,108,182W,2.49E-1,1.74E-3
74,109,183W,,
74,109,183W,,
74,102,176W,,
74,103,177W,,
74,104,178W,,
74,105,179W,,
74,105,179W,,
74,100,174W,2.49E-1,7.78E-3
74,101,175W,,
74,89,163W,,
74,88,162W,,
74,87,161W,,
74,86,160W,,
74,85,159W,,
74,84,158W,,
74,83,157W,,
74,99,173W,,
74,98,172W,2.79E-1,1.14E-2
74,97,171W,,
74,96,170W,2.39E-1,2.57E-3
74,95,169W,,
74,94,168W,2.31E-1,5.48E-3
74,93,167W,,
74,92,166W,,
74,91,165W,,
74,90,164W,2.51E-1,8.37E-2
75,118,193Re,,
75,119,194Re,,
75,119,194Re,,
75,119,194Re,,
75,116,191Re,,
75,117,192Re,,
75,110,185Re,,
75,111,186Re,,
75,111,186Re,,
75,114,189Re,,
75,115,190Re,,
75,115,190Re,,
75,112,187Re,,
75,113,188Re,,
75,113,188Re,,
75,121,196Re,,
75,122,197Re,,
75,120,195Re,,
75,123,198Re,,
75,124,199Re,,
75,107,182Re,,
75,107,182Re,,
75,108,183Re,,
75,105,180Re,,
75,106,181Re,,
75,109,184Re,,
75,109,184Re,,
75,100,175Re,,
75,103,178Re,,
75,104,179Re,,
75,101,176Re,,
75,102,177Re,,
75,89,164Re,,
75,89,164Re,,
75,88,163Re,,
75,88,163Re,,
75,87,162Re,,
75,87,162Re,,
75,86,161Re,,
75,86,161Re,,
75,85,160Re,,
75,84,159Re,,
75,84,159Re,,
75,99,174Re,,
75,98,173Re,,
75,97,172Re,,
75,97,172Re,,
75,96,171Re,,
75,95,170Re,,
75,95,170Re,,
75,94,169Re,,
75,94,169Re,,
75,93,168Re,,
75,92,167Re,,
75,92,167Re,,
75,91,166Re,,
75,90,165Re,,
75,90,165Re,,
76,90,166Os,,
76,91,167Os,,
76,92,168Os,,
76,93,169Os,,
76,94,170Os,,
76,95,171Os,,
76,96,172Os,2.23E-1,6.75E-3
76,97,173Os,,
76,98,174Os,2.46E-1,1.41E-2
76,99,175Os,,
76,85,161Os,,
76,86,162Os,,
76,87,163Os,,
76,88,164Os,,
76,89,165Os,,
76,126,202Os,,
76,127,203Os,,
76,120,196Os,,
76,121,197Os,,
76,122,198Os,,
76,123,199Os,,
76,124,200Os,,
76,125,201Os,,
76,115,191Os,,
76,115,191Os,,
76,116,192Os,1.64E-1,1.17E-3
76,116,192Os,1.64E-1,1.17E-3
76,117,193Os,,
76,118,194Os,1.40E-1,1.16E-2
76,119,195Os,,
76,119,195Os,,
76,110,186Os,2.01E-1,1.63E-3
76,111,187Os,,
76,112,188Os,1.83E-1,1.10E-3
76,113,189Os,,
76,113,189Os,,
76,114,190Os,1.78E-1,1.96E-3
76,114,190Os,1.78E-1,1.96E-3
76,104,180Os,2.47E-1,1.29E-2
76,105,181Os,,
76,105,181Os,,
76,106,182Os,2.35E-1,1.98E-3
76,107,183Os,,
76,107,183Os,,
76,108,184Os,2.08E-1,1.60E-3
76,109,185Os,,
76,100,176Os,,
76,101,177Os,,
76,102,178Os,2.45E-1,8.99E-3
76,103,179Os,,
77,123,200Ir,,
77,124,201Ir,,
77,121,198Ir,,
77,122,199Ir,,
77,120,197Ir,,
77,120,197Ir,,
77,127,204Ir,,
77,128,205Ir,,
77,125,202Ir,,
77,126,203Ir,,
77,112,189Ir,,
77,113,190Ir,,
77,113,190Ir,,
77,113,190Ir,,
77,110,187Ir,,
77,110,187Ir,,
77,111,188Ir,,
77,118,195Ir,,
77,118,195Ir,,
77,119,196Ir,,
77,119,196Ir,,
77,116,193Ir,,
77,116,193Ir,,
77,117,194Ir,,
77,117,194Ir,,
77,114,191Ir,,
77,114,191Ir,,
77,114,191Ir,,
77,115,192Ir,,
77,115,192Ir,,
77,115,192Ir,,
77,101,178Ir,,
77,102,179Ir,,
77,100,177Ir,,
77,109,186Ir,,
77,109,186Ir,,
77,107,184Ir,,
77,108,185Ir,,
77,105,182Ir,,
77,106,183Ir,,
77,103,180Ir,,
77,104,181Ir,,
77,90,167Ir,,
77,90,167Ir,,
77,91,168Ir,,
77,91,168Ir,,
77,92,169Ir,,
77,92,169Ir,,
77,93,170Ir,,
77,93,170Ir,,
77,94,171Ir,,
77,94,171Ir,,
77,95,172Ir,,
77,95,172Ir,,
77,96,173Ir,,
77,96,173Ir,,
77,97,174Ir,,
77,97,174Ir,,
77,98,175Ir,,
77,98,175Ir,,
77,99,176Ir,,
77,87,164Ir,,
77,88,165Ir,,
77,88,165Ir,,
77,89,166Ir,,
77,89,166Ir,,
78,130,208Pt,,
78,100,178Pt,,
78,101,179Pt,,
78,106,184Pt,2.28E-1,3.88E-3
78,107,185Pt,,
78,107,185Pt,,
78,108,186Pt,2.05E-1,8.57E-3
78,109,187Pt,,
78,102,180Pt,2.52E-1,1.18E-2
78,103,181Pt,,
78,104,182Pt,2.17E-1,6.85E-3
78,105,183Pt,,
78,105,183Pt,,
78,110,188Pt,1.91E-1,4.35E-3
78,111,189Pt,,
78,112,190Pt,1.52E-1,3.78E-3
78,117,195Pt,,
78,117,195Pt,,
78,118,196Pt,1.29E-1,2.89E-4
78,119,197Pt,,
78,119,197Pt,,
78,113,191Pt,,
78,114,192Pt,1.53E-1,1.58E-3
78,115,193Pt,,
78,115,193Pt,,
78,116,194Pt,1.42E-1,2.91E-3
78,120,198Pt,1.14E-1,3.89E-4
78,121,199Pt,,
78,121,199Pt,,
78,122,200Pt,,
78,123,201Pt,,
78,128,206Pt,,
78,129,207Pt,,
78,124,202Pt,,
78,125,203Pt,,
78,125,203Pt,,
78,126,204Pt,,
78,127,205Pt,,
78,88,166Pt,,
78,87,165Pt,,
78,89,167Pt,,
78,91,169Pt,,
78,90,168Pt,,
78,93,171Pt,,
78,92,170Pt,,
78,95,173Pt,,
78,94,172Pt,,
78,97,175Pt,,
78,96,174Pt,,
78,99,177Pt,,
78,98,176Pt,1.88E-1,8.71E-3
79,92,171Au,,
79,92,171Au,,
79,91,170Au,,
79,91,170Au,,
79,94,173Au,,
79,94,173Au,,
79,93,172Au,,
79,93,172Au,,
79,96,175Au,,
79,96,175Au,,
79,95,174Au,,
79,95,174Au,,
79,98,177Au,,
79,98,177Au,,
79,97,176Au,,
79,97,176Au,,
79,99,178Au,,
79,99,178Au,,
79,109,188Au,,
79,100,179Au,,
79,103,182Au,,
79,104,183Au,,
79,101,180Au,,
79,102,181Au,,
79,107,186Au,,
79,108,187Au,,
79,108,187Au,,
79,105,184Au,,
79,105,184Au,,
79,106,185Au,,
79,106,185Au,,
79,110,189Au,,
79,110,189Au,,
79,111,190Au,,
79,111,190Au,,
79,114,193Au,,
79,114,193Au,,
79,115,194Au,,
79,115,194Au,,
79,115,194Au,,
79,112,191Au,,
79,112,191Au,,
79,113,192Au,,
79,113,192Au,,
79,118,197Au,,
79,118,197Au,,
79,119,198Au,,
79,119,198Au,,
79,116,195Au,,
79,116,195Au,,
79,117,196Au,,
79,117,196Au,,
79,117,196Au,,
79,121,200Au,,
79,121,200Au,,
79,122,201Au,,
79,120,199Au,,
79,125,204Au,,
79,126,205Au,,
79,126,205Au,,
79,123,202Au,,
79,124,203Au,,
79,129,208Au,,
79,127,206Au,,
79,128,207Au,,
79,130,209Au,,
79,131,210Au,,
80,90,170Hg,,
80,94,174Hg,,
80,93,173Hg,,
80,92,172Hg,,
80,91,171Hg,,
80,98,178Hg,,
80,97,177Hg,,
80,96,176Hg,,
80,95,175Hg,,
80,99,179Hg,,
80,103,183Hg,,
80,104,184Hg,1.55E-1,1.85E-2
80,105,185Hg,,
80,105,185Hg,,
80,106,186Hg,1.36E-1,8.61E-3
80,107,187Hg,,
80,107,187Hg,,
80,108,188Hg,1.45E-1,1.11E-2
80,109,189Hg,,
80,109,189Hg,,
80,110,190Hg,1.32E-1,4.41E-3
80,111,191Hg,,
80,111,191Hg,,
80,112,192Hg,,
80,113,193Hg,,
80,113,193Hg,,
80,114,194Hg,1.09E-1,4.15E-3
80,115,195Hg,,
80,115,195Hg,,
80,116,196Hg,1.14E-1,1.99E-3
80,117,197Hg,,
80,117,197Hg,,
80,118,198Hg,1.06E-1,6.44E-4
80,119,199Hg,,
80,119,199Hg,,
80,120,200Hg,9.82E-2,4.24E-4
80,121,201Hg,,
80,122,202Hg,8.24E-2,3.33E-4
80,123,203Hg,,
80,124,204Hg,6.85E-2,2.55E-4
80,100,180Hg,1.38E-1,1.15E-2
80,101,181Hg,,
80,102,182Hg,1.47E-1,4.04E-3
80,125,205Hg,,
80,126,206Hg,,
80,127,207Hg,,
80,128,208Hg,,
80,129,209Hg,,
80,130,210Hg,,
80,131,211Hg,,
80,132,212Hg,,
80,133,213Hg,,
80,134,214Hg,,
80,135,215Hg,,
80,136,216Hg,,
81,111,192Tl,,
81,111,192Tl,,
81,112,193Tl,,
81,112,193Tl,,
81,110,191Tl,,
81,110,191Tl,,
81,108,189Tl,,
81,108,189Tl,,
81,109,190Tl,,
81,109,190Tl,,
81,106,187Tl,,
81,106,187Tl,,
81,107,188Tl,,
81,107,188Tl,,
81,104,185Tl,,
81,104,185Tl,,
81,105,186Tl,,
81,105,186Tl,,
81,105,186Tl,,
81,102,183Tl,,
81,103,184Tl,,
81,103,184Tl,,
81,103,184Tl,,
81,122,203Tl,,
81,123,204Tl,,
81,120,201Tl,,
81,121,202Tl,,
81,119,200Tl,,
81,117,198Tl,,
81,117,198Tl,,
81,118,199Tl,,
81,115,196Tl,,
81,115,196Tl,,
81,116,197Tl,,
81,116,197Tl,,
81,113,194Tl,,
81,113,194Tl,,
81,114,195Tl,,
81,114,195Tl,,
81,100,181Tl,,
81,101,182Tl,,
81,101,182Tl,,
81,133,214Tl,,
81,134,215Tl,,
81,131,212Tl,,
81,132,213Tl,,
81,130,211Tl,,
81,128,209Tl,,
81,129,210Tl,,
81,126,207Tl,,
81,126,207Tl,,
81,127,208Tl,,
81,124,205Tl,,
81,125,206Tl,,
81,125,206Tl,,
81,135,216Tl,,
81,136,217Tl,,
81,95,176Tl,,
81,96,177Tl,,
81,97,178Tl,,
81,98,179Tl,,
81,99,180Tl,,
82,96,178Pb,,
82,97,179Pb,,
82,98,180Pb,,
82,99,181Pb,,
82,116,198Pb,,
82,117,199Pb,,
82,117,199Pb,,
82,118,200Pb,,
82,119,201Pb,,
82,119,201Pb,,
82,112,194Pb,,
82,113,195Pb,,
82,113,195Pb,,
82,114,196Pb,,
82,115,197Pb,,
82,115,197Pb,,
82,120,202Pb,,
82,120,202Pb,,
82,121,203Pb,,
82,121,203Pb,,
82,121,203Pb,,
82,122,204Pb,4.16E-2,2.17E-4
82,122,204Pb,4.16E-2,2.17E-4
82,105,187Pb,,
82,105,187Pb,,
82,106,188Pb,5.28E-2,1.07E-2
82,107,189Pb,,
82,107,189Pb,,
82,108,190Pb,,
82,101,183Pb,,
82,101,183Pb,,
82,102,184Pb,,
82,103,185Pb,,
82,103,185Pb,,
82,104,186Pb,4.55E-2,6.37E-3
82,109,191Pb,,
82,109,191Pb,,
82,110,192Pb,,
82,111,193Pb,,
82,111,193Pb,,
82,100,182Pb,,
82,138,220Pb,,
82,134,216Pb,,
82,135,217Pb,,
82,136,218Pb,,
82,137,219Pb,,
82,127,209Pb,,
82,128,210Pb,2.25E-2,3.31E-3
82,129,211Pb,,
82,123,205Pb,,
82,124,206Pb,3.23E-2,4.86E-4
82,125,207Pb,,
82,125,207Pb,,
82,126,208Pb,5.62E-2,1.40E-3
82,130,212Pb,,
82,131,213Pb,,
82,132,214Pb,,
82,133,215Pb,,
83,120,203Bi,,
83,120,203Bi,,
83,121,204Bi,,
83,113,196Bi,,
83,113,196Bi,,
83,113,196Bi,,
83,114,197Bi,,
83,114,197Bi,,
83,111,194Bi,,
83,111,194Bi,,
83,111,194Bi,,
83,112,195Bi,,
83,112,195Bi,,
83,117,200Bi,,
83,117,200Bi,,
83,117,200Bi,,
83,118,201Bi,,
83,118,201Bi,,
83,115,198Bi,,
83,115,198Bi,,
83,115,198Bi,,
83,116,199Bi,,
83,116,199Bi,,
83,119,202Bi,,
83,110,193Bi,,
83,110,193Bi,,
83,102,185Bi,,
83,103,186Bi,,
83,101,184Bi,,
83,106,189Bi,,
83,107,190Bi,,
83,107,190Bi,,
83,104,187Bi,,
83,105,188Bi,,
83,105,188Bi,,
83,108,191Bi,,
83,108,191Bi,,
83,109,192Bi,,
83,109,192Bi,,
83,140,223Bi,,
83,141,224Bi,,
83,135,218Bi,,
83,136,219Bi,,
83,133,216Bi,,
83,133,216Bi,,
83,134,217Bi,,
83,139,222Bi,,
83,137,220Bi,,
83,138,221Bi,,
83,131,214Bi,,
83,131,214Bi,,
83,132,215Bi,,
83,132,215Bi,,
83,130,213Bi,,
83,124,207Bi,,
83,125,208Bi,,
83,122,205Bi,,
83,123,206Bi,,
83,128,211Bi,,
83,129,212Bi,,
83,129,212Bi,,
83,129,212Bi,,
83,126,209Bi,,
83,127,210Bi,,
83,127,210Bi,,
84,121,205Po,,
84,122,206Po,,
84,123,207Po,,
84,123,207Po,,
84,124,208Po,,
84,125,209Po,,
84,126,210Po,1.41E-2,1.43E-3
84,127,211Po,,
84,127,211Po,,
84,128,212Po,3.02E-2,1.91E-3
84,128,212Po,3.02E-2,1.91E-3
84,129,213Po,,
84,130,214Po,,
84,131,215Po,,
84,132,216Po,,
84,133,217Po,,
84,134,218Po,,
84,135,219Po,,
84,136,220Po,,
84,137,221Po,,
84,138,222Po,,
84,139,223Po,,
84,140,224Po,,
84,141,225Po,,
84,142,226Po,,
84,143,227Po,,
84,102,186Po,,
84,103,187Po,,
84,104,188Po,,
84,105,189Po,,
84,106,190Po,,
84,107,191Po,,
84,108,192Po,,
84,109,193Po,,
84,109,193Po,,
84,110,194Po,1.77E-1,1.71E-2
84,111,195Po,,
84,111,195Po,,
84,112,196Po,,
84,113,197Po,,
84,113,197Po,,
84,114,198Po,,
84,115,199Po,,
84,115,199Po,,
84,116,200Po,1.04E-1,2.84E-3
84,117,201Po,,
84,117,201Po,,
84,118,202Po,,
84,119,203Po,,
84,119,203Po,,
84,120,204Po,,
85,108,193At,,
85,109,194At,,
85,109,194At,,
85,106,191At,,
85,107,192At,,
85,107,192At,,
85,119,204At,,
85,119,204At,,
85,117,202At,,
85,117,202At,,
85,117,202At,,
85,118,203At,,
85,115,200At,,
85,115,200At,,
85,115,200At,,
85,116,201At,,
85,113,198At,,
85,113,198At,,
85,114,199At,,
85,114,199At,,
85,111,196At,,
85,112,197At,,
85,112,197At,,
85,110,195At,,
85,110,195At,,
85,128,213At,,
85,129,214At,,
85,126,211At,,
85,127,212At,,
85,127,212At,,
85,124,209At,,
85,125,210At,,
85,122,207At,,
85,123,208At,,
85,120,205At,,
85,121,206At,,
85,130,215At,,
85,139,224At,,
85,137,222At,,
85,138,223At,,
85,135,220At,,
85,136,221At,,
85,133,218At,,
85,134,219At,,
85,131,216At,,
85,132,217At,,
85,140,225At,,
85,141,226At,,
85,144,229At,,
85,142,227At,,
85,143,228At,,
86,128,214Rn,,
86,127,213Rn,,
86,129,215Rn,,
86,124,210Rn,,
86,123,209Rn,,
86,126,212Rn,,
86,125,211Rn,,
86,120,206Rn,,
86,122,208Rn,,
86,121,207Rn,,
86,140,226Rn,,
86,139,225Rn,,
86,138,224Rn,,
86,135,221Rn,,
86,134,220Rn,1.26E-1,2.18E-3
86,137,223Rn,,
86,136,222Rn,1.41E-1,4.44E-3
86,131,217Rn,,
86,130,216Rn,,
86,133,219Rn,,
86,132,218Rn,,
86,145,231Rn,,
86,142,228Rn,,
86,141,227Rn,,
86,144,230Rn,,
86,143,229Rn,,
86,109,195Rn,,
86,109,195Rn,,
86,108,194Rn,,
86,107,193Rn,,
86,117,203Rn,,
86,117,203Rn,,
86,116,202Rn,,
86,119,205Rn,,
86,118,204Rn,,
86,113,199Rn,,
86,113,199Rn,,
86,112,198Rn,,
86,115,201Rn,,
86,115,201Rn,,
86,114,200Rn,,
86,111,197Rn,,
86,110,196Rn,,
87,139,226Fr,,
87,138,225Fr,,
87,137,224Fr,,
87,132,219Fr,,
87,131,218Fr,,
87,130,217Fr,,
87,136,223Fr,,
87,135,222Fr,,
87,134,221Fr,,
87,133,220Fr,,
87,129,216Fr,,
87,128,215Fr,,
87,127,214Fr,,
87,126,213Fr,,
87,121,208Fr,,
87,120,207Fr,,
87,125,212Fr,,
87,124,211Fr,,
87,123,210Fr,,
87,122,209Fr,,
87,143,230Fr,,
87,142,229Fr,,
87,141,228Fr,,
87,140,227Fr,,
87,146,233Fr,,
87,145,232Fr,,
87,144,231Fr,,
87,118,205Fr,,
87,117,204Fr,,
87,117,204Fr,,
87,117,204Fr,,
87,116,203Fr,,
87,116,203Fr,,
87,115,202Fr,,
87,115,202Fr,,
87,119,206Fr,,
87,119,206Fr,,
87,119,206Fr,,
87,110,197Fr,,
87,114,201Fr,,
87,114,201Fr,,
87,113,200Fr,,
87,112,199Fr,,
87,111,198Fr,,
87,111,198Fr,,
88,137,225Ra,,
88,136,224Ra,1.78E-1,2.60E-3
88,139,227Ra,,
88,138,226Ra,1.99E-1,3.49E-3
88,131,219Ra,,
88,130,218Ra,9.10E-2,4.27E-3
88,133,221Ra,,
88,132,220Ra,,
88,135,223Ra,,
88,134,222Ra,1.91E-1,7.46E-3
88,126,214Ra,,
88,125,213Ra,,
88,128,216Ra,,
88,127,215Ra,,
88,129,217Ra,,
88,120,208Ra,,
88,122,210Ra,,
88,121,209Ra,,
88,124,212Ra,,
88,123,211Ra,,
88,140,228Ra,2.16E-1,4.25E-3
88,142,230Ra,,
88,141,229Ra,,
88,144,232Ra,,
88,143,231Ra,,
88,146,234Ra,,
88,145,233Ra,,
88,115,203Ra,,
88,114,202Ra,,
88,117,205Ra,,
88,117,205Ra,,
88,116,204Ra,,
88,119,207Ra,,
88,118,206Ra,,
88,113,201Ra,,
88,113,201Ra,,
89,119,208Ac,,
89,118,207Ac,,
89,117,206Ac,,
89,117,206Ac,,
89,116,205Ac,,
89,145,234Ac,,
89,144,233Ac,,
89,143,232Ac,,
89,142,231Ac,,
89,141,230Ac,,
89,140,229Ac,,
89,147,236Ac,,
89,146,235Ac,,
89,123,212Ac,,
89,122,211Ac,,
89,121,210Ac,,
89,120,209Ac,,
89,129,218Ac,,
89,128,217Ac,,
89,127,216Ac,,
89,126,215Ac,,
89,125,214Ac,,
89,124,213Ac,,
89,134,223Ac,,
89,133,222Ac,,
89,133,222Ac,,
89,132,221Ac,,
89,131,220Ac,,
89,130,219Ac,,
89,139,228Ac,,
89,138,227Ac,,
89,137,226Ac,,
89,136,225Ac,,
89,135,224Ac,,
90,148,238Th,,
90,145,235Th,,
90,144,234Th,2.38E-1,9.84E-3
90,147,237Th,,
90,146,236Th,,
90,141,231Th,,
90,140,230Th,2.46E-1,3.62E-3
90,143,233Th,,
90,142,232Th,2.48E-1,5.70E-3
90,138,228Th,2.29E-1,2.47E-3
90,137,227Th,,
90,139,229Th,,
90,134,224Th,1.74E-1,6.27E-3
90,133,223Th,,
90,136,226Th,2.25E-1,5.95E-3
90,135,225Th,,
90,130,220Th,,
90,132,222Th,1.52E-1,6.39E-3
90,131,221Th,,
90,127,217Th,,
90,126,216Th,,
90,129,219Th,,
90,128,218Th,,
90,123,213Th,,
90,122,212Th,,
90,125,215Th,,
90,124,214Th,,
90,121,211Th,,
90,120,210Th,,
90,119,209Th,,
90,118,208Th,,
91,120,211Pa,,
91,124,215Pa,,
91,123,214Pa,,
91,122,213Pa,,
91,121,212Pa,,
91,128,219Pa,,
91,127,218Pa,,
91,126,217Pa,,
91,125,216Pa,,
91,129,220Pa,,
91,131,222Pa,,
91,130,221Pa,,
91,135,226Pa,,
91,134,225Pa,,
91,133,224Pa,,
91,132,223Pa,,
91,139,230Pa,,
91,138,229Pa,,
91,137,228Pa,,
91,136,227Pa,,
91,142,233Pa,,
91,141,232Pa,,
91,140,231Pa,,
91,146,237Pa,,
91,145,236Pa,,
91,144,235Pa,,
91,143,234Pa,,
91,143,234Pa,,
91,148,239Pa,,
91,147,238Pa,,
92,123,215U,,
92,130,222U,,
92,132,224U,,
92,131,223U,,
92,134,226U,,
92,133,225U,,
92,125,217U,,
92,124,216U,,
92,127,219U,,
92,126,218U,,
92,129,221U,,
92,141,233U,,
92,140,232U,2.67E-1,1.10E-2
92,143,235U,,
92,143,235U,,
92,142,234U,2.64E-1,4.17E-3
92,145,237U,,
92,144,236U,2.71E-1,3.92E-3
92,136,228U,,
92,135,227U,,
92,138,230U,2.59E-1,1.51E-2
92,137,229U,,
92,139,231U,,
92,150,242U,,
92,147,239U,,
92,146,238U,2.88E-1,3.02E-3
92,149,241U,,
92,148,240U,,
93,129,222Np,,
93,127,220Np,,
93,126,219Np,,
93,133,226Np,,
93,132,225Np,,
93,131,224Np,,
93,130,223Np,,
93,149,242Np,,
93,149,242Np,,
93,148,241Np,,
93,147,240Np,,
93,147,240Np,,
93,146,239Np,,
93,145,238Np,,
93,151,244Np,,
93,150,243Np,,
93,139,232Np,,
93,138,231Np,,
93,137,230Np,,
93,136,229Np,,
93,135,228Np,,
93,134,227Np,,
93,144,237Np,,
93,143,236Np,,
93,143,236Np,,
93,142,235Np,,
93,141,234Np,,
93,140,233Np,,
94,152,246Pu,,
94,151,245Pu,,
94,153,247Pu,,
94,150,244Pu,2.92E-1,1.42E-2
94,150,244Pu,2.92E-1,1.42E-2
94,149,243Pu,,
94,148,242Pu,2.92E-1,3.36E-3
94,145,239Pu,,
94,144,238Pu,2.85E-1,3.25E-3
94,147,241Pu,,
94,146,240Pu,2.88E-1,5.61E-3
94,141,235Pu,,
94,140,234Pu,,
94,143,237Pu,,
94,143,237Pu,,
94,142,236Pu,,
94,138,232Pu,,
94,137,231Pu,,
94,139,233Pu,,
94,134,228Pu,,
94,136,230Pu,,
94,135,229Pu,,
95,135,230Am,,
95,134,229Am,,
95,139,234Am,,
95,138,233Am,,
95,137,232Am,,
95,142,237Am,,
95,141,236Am,,
95,141,236Am,,
95,140,235Am,,
95,146,241Am,,
95,145,240Am,,
95,144,239Am,,
95,143,238Am,,
95,149,244Am,,
95,149,244Am,,
95,148,243Am,,
95,147,242Am,,
95,147,242Am,,
95,152,247Am,,
95,151,246Am,,
95,151,246Am,,
95,150,245Am,,
95,128,223Am,,
96,141,237Cm,,
96,140,236Cm,,
96,138,234Cm,,
96,137,233Cm,,
96,139,235Cm,,
96,150,246Cm,2.98E-1,3.30E-3
96,150,246Cm,2.98E-1,3.30E-3
96,152,248Cm,2.97E-1,3.79E-3
96,151,247Cm,,
96,143,239Cm,,
96,142,238Cm,,
96,145,241Cm,,
96,144,240Cm,2.63E-1,1.16E-1
96,147,243Cm,,
96,146,242Cm,,
96,149,245Cm,,
96,148,244Cm,3.37E-1,9.07E-3
96,154,250Cm,,
96,153,249Cm,,
96,155,251Cm,,
97,141,238Bk,,
97,142,239Bk,,
97,143,240Bk,,
97,144,241Bk,,
97,145,242Bk,,
97,146,243Bk,,
97,147,244Bk,,
97,148,245Bk,,
97,149,246Bk,,
97,150,247Bk,,
97,151,248Bk,,
97,151,248Bk,,
97,136,233Bk,,
97,137,234Bk,,
97,139,236Bk,,
97,140,237Bk,,
97,152,249Bk,,
97,153,250Bk,,
97,154,251Bk,,
97,155,252Bk,,
97,156,253Bk,,
98,148,246Cf,,
98,149,247Cf,,
98,146,244Cf,,
98,147,245Cf,,
98,144,242Cf,,
98,145,243Cf,,
98,142,240Cf,,
98,143,241Cf,,
98,140,238Cf,,
98,141,239Cf,,
98,150,248Cf,,
98,139,237Cf,,
98,157,255Cf,,
98,158,256Cf,,
98,155,253Cf,,
98,156,254Cf,,
98,153,251Cf,,
98,154,252Cf,3.04E-1,1.29E-2
98,151,249Cf,,
98,152,250Cf,2.99E-1,1.57E-2
99,147,246Es,,
99,148,247Es,,
99,149,248Es,,
99,143,242Es,,
99,144,243Es,,
99,145,244Es,,
99,146,245Es,,
99,141,240Es,,
99,142,241Es,,
99,158,257Es,,
99,154,253Es,,
99,155,254Es,,
99,155,254Es,,
99,156,255Es,,
99,157,256Es,,
99,157,256Es,,
99,150,249Es,,
99,151,250Es,,
99,151,250Es,,
99,152,251Es,,
99,153,252Es,,
100,141,241Fm,,
100,145,245Fm,,
100,144,244Fm,,
100,143,243Fm,,
100,142,242Fm,,
100,149,249Fm,,
100,148,248Fm,,
100,147,247Fm,,
100,147,247Fm,,
100,146,246Fm,,
100,152,252Fm,,
100,151,251Fm,,
100,150,250Fm,,
100,150,250Fm,,
100,156,256Fm,,
100,155,255Fm,,
100,154,254Fm,,
100,153,253Fm,,
100,159,259Fm,,
100,158,258Fm,,
100,157,257Fm,,
101,151,252Md,,
101,150,251Md,,
101,150,251Md,,
101,153,254Md,,
101,153,254Md,,
101,152,253Md,,
101,155,256Md,,
101,154,255Md,,
101,157,258Md,,
101,157,258Md,,
101,156,257Md,,
101,159,260Md,,
101,158,259Md,,
101,144,245Md,,
101,143,244Md,,
101,146,247Md,,
101,146,247Md,,
101,145,246Md,,
101,145,246Md,,
101,148,249Md,,
101,148,249Md,,
101,147,248Md,,
101,149,250Md,,
101,149,250Md,,
102,158,260No,,
102,157,259No,,
102,156,258No,,
102,155,257No,,
102,154,256No,,
102,153,255No,,
102,152,254No,,
102,152,254No,,
102,151,253No,,
102,150,252No,,
102,150,252No,,
102,160,262No,,
102,149,251No,,
102,149,251No,,
102,148,250No,,
102,147,249No,,
103,159,262Lr,,
103,158,261Lr,,
103,155,258Lr,,
103,154,257Lr,,
103,154,257Lr,,
103,157,260Lr,,
103,156,259Lr,,
103,151,254Lr,,
103,151,254Lr,,
103,150,253Lr,,
103,150,253Lr,,
103,153,256Lr,,
103,152,255Lr,,
103,152,255Lr,,
103,161,264Lr,,
103,163,266Lr,,
103,148,251Lr,,
103,148,251Lr,,
103,149,252Lr,,
104,163,267Rf,,
104,161,265Rf,,
104,156,260Rf,,
104,155,259Rf,,
104,154,258Rf,,
104,153,257Rf,,
104,153,257Rf,,
104,159,263Rf,,
104,158,262Rf,,
104,157,261Rf,,
104,157,261Rf,,
104,152,256Rf,,
104,151,255Rf,,
104,150,254Rf,,
104,149,253Rf,,
105,163,268Db,,
105,165,270Db,,
105,162,267Db,,
105,161,266Db,,
105,153,258Db,,
105,153,258Db,,
105,152,257Db,,
105,152,257Db,,
105,155,260Db,,
105,154,259Db,,
105,157,262Db,,
105,156,261Db,,
105,158,263Db,,
105,151,256Db,,
105,150,255Db,,
105,150,255Db,,
106,158,264Sg,,
106,157,263Sg,,
106,157,263Sg,,
106,156,262Sg,,
106,155,261Sg,,
106,154,260Sg,,
106,153,259Sg,,
106,153,259Sg,,
106,152,258Sg,,
106,159,265Sg,,
106,159,265Sg,,
106,161,267Sg,,
106,160,266Sg,,
106,165,271Sg,,
106,163,269Sg,,
107,171,278Bh,,
107,155,262Bh,,
107,155,262Bh,,
107,154,261Bh,,
107,157,264Bh,,
107,153,260Bh,,
107,160,267Bh,,
107,165,272Bh,,
107,167,274Bh,,
107,164,271Bh,,
107,163,270Bh,,
107,159,266Bh,,
107,158,265Bh,,
108,159,267Hs,,
108,159,267Hs,,
108,158,266Hs,,
108,158,266Hs,,
108,157,265Hs,,
108,163,271Hs,,
108,162,270Hs,,
108,161,269Hs,,
108,160,268Hs,,
108,167,275Hs,,
108,165,273Hs,,
108,156,264Hs,,
108,155,263Hs,,
108,169,277Hs,,
109,168,277Mt,,
109,167,276Mt,,
109,167,276Mt,,
109,169,278Mt,,
109,161,270Mt,,
109,166,275Mt,,
109,165,274Mt,,
109,157,266Mt,,
109,159,268Mt,,
110,157,267Ds,,
110,159,269Ds,,
110,171,281Ds,,
110,170,280Ds,,
110,172,282Ds,,
110,160,270Ds,,
110,167,277Ds,,
110,163,273Ds,,
110,161,271Ds,,
110,161,271Ds,,
110,169,279Ds,,
110,169,279Ds,,
111,175,286Rg,,
111,171,282Rg,,
111,170,281Rg,,
111,167,278Rg,,
111,163,274Rg,,
111,161,272Rg,,
111,168,279Rg,,
111,169,280Rg,,
112,165,277Cn,,
112,169,281Cn,,
112,174,286Cn,,
112,170,282Cn,,
112,171,283Cn,,
112,172,284Cn,,
112,173,285Cn,,
113,165,278Nh,,
113,169,282Nh,,
113,171,284Nh,,
113,172,285Nh,,
113,170,283Nh,,
113,173,286Nh,,
113,177,290Nh,,
114,170,284Fl,,
114,171,285Fl,,
114,172,286Fl,,
114,173,287Fl,,
114,174,288Fl,,
114,175,289Fl,,
114,176,290Fl,,
115,175,290Mc,,
115,173,288Mc,,
115,174,289Mc,,
115,172,287Mc,,
116,174,290Lv,,
116,175,291Lv,,
116,176,292Lv,,
116,177,293Lv,,
117,176,293Ts,,
117,177,294Ts,,
118,176,294Og,,